-- phpMyAdmin SQL Dump
-- version 5.2.1
-- https://www.phpmyadmin.net/
--
-- Host: 127.0.0.1
-- Generation Time: Aug 26, 2024 at 05:54 PM
-- Server version: 10.4.28-MariaDB
-- PHP Version: 8.2.4

SET SQL_MODE = "NO_AUTO_VALUE_ON_ZERO";
START TRANSACTION;
SET time_zone = "+00:00";


/*!40101 SET @OLD_CHARACTER_SET_CLIENT=@@CHARACTER_SET_CLIENT */;
/*!40101 SET @OLD_CHARACTER_SET_RESULTS=@@CHARACTER_SET_RESULTS */;
/*!40101 SET @OLD_COLLATION_CONNECTION=@@COLLATION_CONNECTION */;
/*!40101 SET NAMES utf8mb4 */;

--
-- Database: `seguro_t`
--

-- --------------------------------------------------------

--
-- Table structure for table `address`
--

CREATE TABLE `address` (
  `userid` int(11) NOT NULL,
  `address1` varchar(255) NOT NULL,
  `address2` varchar(255) DEFAULT NULL,
  `city` varchar(100) NOT NULL,
  `state` varchar(100) NOT NULL,
  `pincode` varchar(10) NOT NULL,
  `isdeleted` tinyint(1) DEFAULT 0
) ENGINE=MyISAM DEFAULT CHARSET=latin1 COLLATE=latin1_swedish_ci;

-- --------------------------------------------------------

--
-- Table structure for table `codes`
--

CREATE TABLE `codes` (
  `codeid` int(11) NOT NULL,
  `barcode` varchar(255) DEFAULT NULL,
  `roomid` int(11) NOT NULL,
  `checkindatetime` datetime NOT NULL,
  `checkoutdatetime` datetime NOT NULL,
  `customerid` int(11) NOT NULL,
  `isdeleted` tinyint(1) DEFAULT 0,
  `isactive` tinyint(1) DEFAULT 1,
  `createdat` datetime NOT NULL DEFAULT current_timestamp()
) ENGINE=MyISAM DEFAULT CHARSET=latin1 COLLATE=latin1_swedish_ci;

--
-- Dumping data for table `codes`
--

INSERT INTO `codes` (`codeid`, `barcode`, `roomid`, `checkindatetime`, `checkoutdatetime`, `customerid`, `isdeleted`, `isactive`, `createdat`) VALUES
(43, '168', 168, '2023-11-07 16:02:00', '2023-11-21 14:02:00', 34, 0, 1, '2023-11-12 07:36:43'),
(42, '4OGJOfj', 170, '2024-01-30 16:02:00', '2024-02-14 14:02:00', 27, 0, 1, '2023-11-12 07:35:32'),
(41, 'jLF7DL0', 167, '2023-11-09 16:02:00', '2023-11-14 14:02:00', 27, 0, 1, '2023-11-12 07:34:58'),
(40, 'KMD7HkL', 196, '2023-11-10 12:37:00', '2023-11-15 15:37:00', 33, 0, 1, '2023-11-09 07:18:05'),
(36, 'XKlMHck', 169, '2023-11-11 12:27:00', '2023-11-13 09:27:00', 31, 0, 1, '2023-11-09 05:58:26'),
(35, 'eT30SC6', 165, '2023-11-12 09:44:00', '2023-11-15 13:44:00', 27, 0, 1, '2023-11-09 04:16:19'),
(34, 'NWvVuMj', 164, '2023-11-09 13:41:00', '2023-11-10 16:44:00', 30, 0, 1, '2023-11-09 04:14:42'),
(33, '6QIWca9', 165, '2023-11-09 09:41:00', '2023-11-10 12:44:00', 30, 0, 1, '2023-11-09 04:12:45'),
(32, 'lNM1tom', 135, '2023-11-24 08:46:00', '2023-11-30 21:51:00', 27, 0, 1, '2023-11-09 03:53:02'),
(31, 'cjgImz4', 135, '2023-11-24 08:46:00', '2023-11-30 21:51:00', 27, 0, 1, '2023-11-09 03:52:38'),
(30, 'OFeCIKQ', 134, '2023-11-30 08:46:00', '2023-12-01 21:51:00', 27, 0, 1, '2023-11-09 03:50:23'),
(29, '9I7JDzY', 134, '2023-11-30 09:17:00', '2023-12-01 09:17:00', 27, 0, 1, '2023-11-09 03:49:01'),
(28, '3wnowg5', 134, '2023-11-30 20:45:00', '2023-12-01 21:45:00', 27, 0, 1, '2023-11-07 10:15:42'),
(26, 'RZFIuDv', 133, '2023-11-24 19:34:00', '2023-11-29 20:34:00', 28, 0, 1, '2023-11-07 10:04:12'),
(25, 'dqHTbPT', 134, '2023-11-14 19:30:00', '2023-11-17 12:30:00', 27, 0, 1, '2023-11-07 10:00:21'),
(24, 'RZFIuDv', 137, '2023-11-07 04:17:00', '2023-11-12 21:17:00', 27, 0, 1, '2023-11-07 09:47:44'),
(44, 'FisPAZY', 133, '2023-11-07 13:06:00', '2023-11-21 13:06:00', 28, 0, 1, '2023-11-12 07:37:34'),
(45, '7l7l1fR', 137, '2023-11-16 16:06:00', '2023-12-03 16:06:00', 35, 0, 1, '2023-11-13 10:36:46'),
(50, '9HmKH6K', 134, '2023-12-08 09:49:00', '2023-12-10 09:49:00', 38, 0, 1, '2023-11-14 04:23:13'),
(47, 'xUk5oPE', 258, '2023-11-13 16:12:00', '2023-11-15 16:12:00', 27, 0, 1, '2023-11-13 10:42:40'),
(49, 'Fjng99J', 135, '2023-11-20 16:59:00', '2023-11-21 16:59:00', 37, 0, 1, '2023-11-13 11:31:16'),
(51, 'rJQe6Yo', 136, '2023-12-29 10:31:00', '2023-12-30 10:31:00', 27, 0, 1, '2023-11-14 05:02:29'),
(52, 'z6rrDKl', 137, '2023-12-19 10:42:00', '2023-12-20 10:42:00', 39, 0, 1, '2023-11-14 05:24:14'),
(54, 'uaZeIxk', 137, '2023-11-11 11:02:00', '2023-11-12 11:02:00', 41, 0, 1, '2023-11-14 05:32:57'),
(55, 'CELErva', 282, '2023-11-14 13:00:00', '2023-11-15 06:00:00', 42, 0, 1, '2023-11-14 05:33:54'),
(56, 's7FTHys', 170, '2023-12-11 11:03:00', '2023-12-13 11:03:00', 41, 0, 1, '2023-11-14 05:34:28'),
(57, 'bk6IEvR', 291, '2023-11-01 11:14:00', '2023-11-02 11:14:00', 41, 0, 1, '2023-11-14 05:45:11'),
(71, '73J8Rsy', 291, '2023-11-15 13:08:00', '2023-11-17 13:08:00', 41, 0, 1, '2023-11-15 07:39:25'),
(59, '282', 282, '2023-11-15 05:08:00', '2023-11-17 11:08:00', 43, 0, 1, '2023-11-14 05:48:42'),
(60, 'erS0krS', 283, '2023-11-15 04:08:00', '2023-11-17 11:08:00', 43, 0, 1, '2023-11-14 05:50:29'),
(61, 'D1DeGts', 293, '2023-11-17 12:17:00', '2023-11-25 12:17:00', 41, 0, 1, '2023-11-14 06:48:12'),
(62, 'bYhRA9N', 135, '2023-12-08 12:19:00', '2023-12-09 12:19:00', 41, 0, 1, '2023-11-14 06:50:12'),
(63, 'qRYmSxf', 294, '2023-11-14 12:22:00', '2023-11-16 12:22:00', 41, 0, 1, '2023-11-14 06:52:19'),
(73, 'e8KjTFW', 357, '2023-11-17 10:03:00', '2023-11-18 06:00:00', 45, 0, 1, '2023-11-17 04:34:32'),
(65, '345', 345, '2023-11-27 06:30:00', '2023-11-30 22:55:00', 44, 0, 1, '2023-11-14 09:19:07'),
(72, 'KHrpV2a', 292, '2023-11-15 13:09:00', '2023-11-17 13:09:00', 41, 0, 1, '2023-11-15 07:39:52'),
(67, 'BrbUcXp', 293, '2023-11-16 12:23:00', '2023-11-17 11:04:00', 41, 0, 1, '2023-11-15 05:52:13'),
(69, '9F3hWs6', 190, '2023-11-16 11:39:00', '2023-11-17 11:39:00', 41, 0, 1, '2023-11-15 06:10:11'),
(74, '375', 375, '2023-11-17 07:30:00', '2023-11-17 07:30:00', 46, 0, 1, '2023-11-17 09:31:27'),
(75, '479', 479, '2023-11-06 00:02:00', '2023-11-09 00:02:00', 44, 0, 1, '2023-11-17 11:00:46'),
(76, 'y3QGPIX', 480, '2023-11-14 00:02:00', '2023-11-18 00:10:00', 44, 0, 1, '2023-11-17 11:06:30'),
(77, 'uZaeWe6', 480, '2023-11-21 12:00:00', '2023-11-24 12:00:00', 47, 0, 1, '2023-11-20 11:34:11'),
(78, 'ApnnEzq', 292, '2023-11-25 12:00:00', '2023-11-26 12:00:00', 48, 0, 1, '2023-11-22 09:35:39'),
(79, 'wQFhX8A', 292, '2023-11-22 12:00:00', '2023-11-23 12:00:00', 41, 0, 1, '2023-11-22 09:44:33'),
(80, 'qvr07Qn', 484, '2023-11-08 17:26:00', '2023-11-23 21:26:00', 41, 0, 1, '2023-11-22 09:57:09'),
(87, 'iSm8NIS', 484, '2023-11-16 01:06:00', '2023-11-24 18:06:00', 41, 0, 1, '2023-11-23 06:51:03'),
(89, 'POyDmOD', 479, '2023-11-29 12:00:00', '2023-12-01 12:00:00', 44, 0, 1, '2023-11-23 08:09:59'),
(85, 'cCNx5fD', 479, '2023-11-21 12:00:00', '2023-11-25 12:00:00', 44, 0, 1, '2023-11-22 12:21:31'),
(90, 'qTy6Z28', 167, '2023-11-15 12:00:00', '2023-11-24 12:00:00', 41, 0, 1, '2023-11-23 08:52:58'),
(91, 'Ohj4Fma', 546, '2023-11-25 14:00:00', '2023-11-26 10:00:00', 50, 0, 1, '2023-11-24 21:02:23'),
(92, 'CQ8c2R3', 561, '2023-11-24 14:00:00', '2023-11-27 10:00:00', 50, 0, 1, '2023-11-24 21:06:51'),
(93, '485', 485, '2023-11-29 01:39:00', '2023-11-30 01:39:00', 27, 0, 1, '2023-11-28 04:40:20'),
(94, 'BsdR3i4', 375, '2023-11-29 14:00:00', '2023-11-29 21:00:00', 46, 0, 1, '2023-11-29 05:36:03'),
(95, 'pmqVfib', 476, '2023-11-29 14:00:00', '2023-11-30 21:00:00', 51, 0, 1, '2023-11-29 05:42:44'),
(96, 'W5Hv35a', 415, '2023-11-29 14:00:00', '2023-11-29 21:00:00', 46, 0, 1, '2023-11-29 05:44:46'),
(97, 'sPEkvvq', 362, '2023-12-08 14:00:00', '2023-12-09 21:00:00', 51, 0, 1, '2023-11-29 05:46:10'),
(98, '569', 569, '2023-11-30 01:00:00', '2023-12-03 17:00:00', 41, 0, 1, '2023-11-29 05:52:02'),
(100, 'Cdmgt7e', 570, '2023-11-29 20:00:00', '2023-11-30 08:00:00', 41, 0, 1, '2023-11-29 06:01:45'),
(101, 'OwpHO5l', 570, '2023-12-27 01:00:00', '2023-12-29 05:00:00', 28, 0, 1, '2023-11-29 06:10:31'),
(102, 'a651o01', 568, '2023-11-28 01:00:00', '2023-11-30 01:00:00', 41, 0, 1, '2023-11-29 06:26:30'),
(103, 'OlHDI6O', 573, '2023-11-27 01:00:00', '2023-11-30 01:00:00', 52, 0, 1, '2023-11-29 06:34:36'),
(104, 'KogxNgZ', 570, '2023-12-14 04:00:00', '2023-12-15 21:00:00', 53, 0, 1, '2023-11-29 06:36:32'),
(105, 'u66fMpm', 561, '2023-11-28 14:00:00', '2023-12-01 10:00:00', 44, 0, 1, '2023-11-29 09:52:08'),
(106, 'bahCT18', 562, '2023-11-22 14:00:00', '2023-11-30 10:00:00', 54, 0, 1, '2023-11-30 09:32:37'),
(107, 'zPxRaqy', 578, '2023-11-29 14:00:00', '2023-12-02 10:00:00', 44, 0, 1, '2023-11-30 09:50:26'),
(109, 'R4h2K3o', 579, '2023-12-04 14:00:00', '2023-12-07 10:00:00', 44, 0, 1, '2023-12-04 09:35:27'),
(110, 'n5PuaiB', 580, '2023-12-06 14:00:00', '2023-12-08 10:00:00', 56, 0, 1, '2023-12-07 00:47:48'),
(111, '5bUSfL5', 580, '2023-12-06 14:00:00', '2023-12-08 10:00:00', 56, 0, 1, '2023-12-07 00:47:56'),
(112, '571AfQs', 294, '2023-12-15 11:20:00', '2023-12-17 04:20:00', 41, 0, 1, '2023-12-07 10:07:03'),
(113, 'QWxuTcS', 294, '2023-12-12 11:20:00', '2023-12-14 00:20:00', 57, 0, 1, '2023-12-07 10:08:34'),
(114, 'gY73aQS', 294, '2023-12-06 11:20:00', '2023-12-08 00:20:00', 41, 0, 1, '2023-12-07 10:09:28'),
(115, 'NT3ic0W', 364, '2023-12-08 14:00:00', '2023-12-15 21:00:00', 58, 0, 1, '2023-12-07 10:36:58'),
(116, 'PwucW47', 474, '2023-12-14 14:00:00', '2023-12-14 21:00:00', 59, 0, 1, '2023-12-07 10:39:13'),
(117, 'G35cunM', 294, '2023-12-02 11:20:00', '2023-12-03 00:20:00', 60, 0, 1, '2023-12-07 10:43:31'),
(118, 'woyvrlN', 292, '2023-12-04 11:20:00', '2023-12-06 04:20:00', 61, 0, 1, '2023-12-07 11:50:49'),
(119, 'wBN4F5H', 579, '2023-12-07 14:00:00', '2023-12-09 10:00:00', 44, 0, 1, '2023-12-07 19:31:27'),
(120, 'WbDGpr2', 592, '2023-12-08 01:00:00', '2023-12-10 01:00:00', 62, 0, 1, '2023-12-08 06:01:22'),
(121, 'Zkb61CV', 590, '2023-12-08 12:02:00', '2023-12-09 21:00:00', 41, 0, 1, '2023-12-08 06:02:17'),
(123, 'kDfHdR4', 580, '2023-12-09 14:00:00', '2023-12-11 10:00:00', 63, 0, 1, '2023-12-10 00:00:32'),
(124, 'YIZdZJc', 580, '2023-12-11 14:00:00', '2023-12-14 10:00:00', 44, 0, 1, '2023-12-12 00:54:09'),
(125, 'lQmOv2c', 293, '2023-12-11 11:20:00', '2023-12-16 05:20:00', 64, 0, 1, '2023-12-12 09:20:55'),
(126, 'zl93WDd', 291, '2023-12-12 23:20:00', '2023-12-14 05:20:00', 65, 0, 1, '2023-12-12 09:22:01'),
(127, 'W0QPML3', 598, '2023-12-21 11:20:00', '2023-12-22 00:20:00', 41, 0, 1, '2023-12-12 09:56:59'),
(128, '598', 598, '2023-12-20 11:20:00', '2023-12-23 00:20:00', 41, 0, 1, '2023-12-14 10:28:24'),
(129, 'TH7zX7W', 292, '2023-12-14 11:20:00', '2023-12-18 00:20:00', 41, 0, 1, '2023-12-14 18:31:02'),
(130, 'K6aZXcR', 600, '2023-12-07 11:20:00', '2023-12-22 00:20:00', 39, 0, 1, '2023-12-14 18:34:46'),
(131, '', 0, '2023-12-20 11:20:00', '2023-12-24 00:20:00', 41, 0, 1, '2023-12-20 04:01:42'),
(132, '291', 291, '2023-12-20 19:20:00', '2023-12-23 00:20:00', 41, 0, 1, '2023-12-20 04:07:31'),
(133, 'v29kw3i', 635, '2023-12-20 23:00:00', '2023-12-22 12:00:00', 66, 0, 1, '2023-12-20 07:09:44'),
(134, '634', 634, '2023-12-20 23:51:00', '2023-12-22 08:00:00', 41, 0, 1, '2023-12-20 10:31:17'),
(135, 'Fz07pCx', 635, '2023-12-27 12:00:00', '2023-12-28 03:00:00', 41, 0, 1, '2023-12-20 10:33:20'),
(136, '60GhKAf', 636, '2023-12-20 12:00:00', '2023-12-29 12:00:00', 39, 0, 1, '2023-12-21 15:52:23'),
(137, 'vQoXxwI', 634, '2024-01-02 12:00:00', '2024-02-08 12:00:00', 67, 0, 1, '2023-12-21 17:39:36'),
(139, '8qLQs2L', 580, '2024-01-01 14:00:00', '2024-01-02 10:00:00', 44, 0, 1, '2023-12-28 11:07:38'),
(140, 'HUry84c', 449, '2023-12-28 18:00:00', '2023-12-28 21:00:00', 58, 0, 1, '2023-12-28 11:21:59'),
(141, 'qrMjSQV', 363, '2023-12-28 19:00:00', '2023-12-29 02:00:00', 30, 0, 1, '2023-12-28 11:23:24'),
(144, 'uXCZQFm', 580, '2023-12-29 14:00:00', '2023-12-30 10:00:00', 68, 0, 1, '2023-12-28 13:33:07'),
(145, 'c31s5xD', 635, '2024-01-04 12:00:00', '2024-02-01 12:00:00', 67, 0, 1, '2023-12-28 17:05:51'),
(146, 'PD9LKNq', 569, '2024-01-03 01:00:00', '2024-02-02 01:00:00', 41, 0, 1, '2024-01-02 11:51:17'),
(147, 'zkCKdEt', 581, '2024-01-06 14:00:00', '2024-01-09 10:00:00', 69, 0, 1, '2024-01-06 10:39:46'),
(148, 's19UplN', 578, '2024-01-10 14:00:00', '2024-01-11 10:00:00', 70, 0, 1, '2024-01-09 00:00:49'),
(149, 'SjV1crQ', 568, '2024-01-10 01:00:00', '2024-01-12 01:00:00', 71, 0, 1, '2024-01-11 10:51:07'),
(150, '570', 570, '2024-01-10 17:30:00', '2024-01-13 17:30:00', 72, 0, 1, '2024-01-15 03:52:12'),
(151, '570', 570, '2024-01-15 17:30:00', '2024-01-18 17:30:00', 41, 0, 1, '2024-01-15 03:57:54'),
(152, '570', 570, '2024-03-01 01:00:00', '2024-03-03 03:00:00', 41, 0, 1, '2024-01-15 04:02:21'),
(153, 'HJygon8', 570, '2024-01-20 01:00:00', '2024-01-22 01:00:00', 28, 0, 1, '2024-01-15 05:14:22'),
(154, 'nxITkr6', 570, '2024-01-23 01:00:00', '2024-01-25 01:00:00', 28, 0, 1, '2024-01-15 05:23:38'),
(155, 'B3KiYjZ', 570, '2024-01-26 01:00:00', '2024-01-28 01:00:00', 28, 0, 1, '2024-01-15 05:32:34'),
(175, 'GXHXRI5', 357, '2024-01-31 14:00:00', '2024-01-31 19:30:00', 59, 0, 1, '2024-01-30 10:21:59'),
(157, '8EFI2cb', 570, '2024-02-01 01:00:00', '2024-02-03 01:00:00', 71, 0, 1, '2024-01-15 05:50:37'),
(158, 'aHlbner', 570, '2024-02-05 01:00:00', '2024-02-07 01:00:00', 71, 0, 1, '2024-01-15 05:52:51'),
(174, 'SIn6swk', 357, '2024-01-31 11:00:00', '2024-01-31 13:30:00', 59, 0, 1, '2024-01-30 10:18:56'),
(160, '592', 592, '2024-01-25 01:00:00', '2024-01-26 06:22:00', 71, 0, 1, '2024-01-15 10:55:27'),
(161, '38HNDS8', 357, '2024-01-25 11:00:00', '2024-01-25 12:00:00', 58, 0, 1, '2024-01-25 05:08:34'),
(162, 'tvsgT4i', 357, '2024-01-26 11:30:00', '2024-01-26 13:30:00', 59, 0, 1, '2024-01-25 07:02:45'),
(173, 'SKRzwKa', 568, '2024-01-29 14:30:00', '2024-01-31 08:00:00', 77, 0, 1, '2024-01-29 11:49:49'),
(169, 'W8MvksS', 590, '2024-01-29 12:30:00', '2024-01-31 14:00:00', 49, 0, 1, '2024-01-29 06:11:13'),
(176, 'GN0yOt5', 664, '2024-01-29 14:00:00', '2024-01-31 10:00:00', 78, 0, 1, '2024-01-30 10:41:54'),
(177, '9Q58QnE', 665, '2024-01-29 14:00:00', '2024-01-31 10:00:00', 79, 0, 1, '2024-01-30 10:42:39'),
(182, 'SEWyI73', 664, '2024-02-03 14:00:00', '2024-02-04 10:00:00', 78, 0, 1, '2024-02-03 05:34:18'),
(180, 'pR60KCn', 591, '2024-01-30 01:00:00', '2024-02-02 01:00:00', 82, 0, 1, '2024-01-31 10:15:22'),
(181, 'cADR8Jv', 680, '2024-01-29 01:00:00', '2024-02-02 01:00:00', 41, 0, 1, '2024-02-01 06:12:19'),
(183, 'SvLQL2W', 664, '2024-02-04 14:00:00', '2024-02-06 10:00:00', 78, 0, 1, '2024-02-04 21:55:57'),
(185, 'b1x7pE4', 664, '2024-02-06 14:00:00', '2024-02-07 10:00:00', 83, 0, 1, '2024-02-06 02:39:18'),
(187, 'mqqXLcj', 681, '2024-02-05 01:00:00', '2024-02-08 01:00:00', 41, 0, 1, '2024-02-06 04:55:10'),
(188, 'EMBtElN', 680, '2024-02-07 01:00:00', '2024-02-09 01:00:00', 30, 0, 1, '2024-02-07 10:11:43'),
(189, 'fE7dzSu', 592, '2024-02-13 01:00:00', '2024-02-15 06:00:00', 72, 0, 1, '2024-02-07 11:07:48'),
(190, 'ISh7Tg5', 0, '2024-02-09 12:00:00', '2024-02-11 12:00:00', 85, 0, 1, '2024-02-08 07:04:50'),
(191, 'JHsSgkl', 684, '2024-02-05 12:00:00', '2024-02-09 21:00:00', 74, 0, 1, '2024-02-08 07:08:21'),
(192, 'bQo6bFT', 682, '2024-02-05 12:00:00', '2024-02-09 12:00:00', 86, 0, 1, '2024-02-08 07:14:44'),
(193, 'tsFxFq3', 682, '2024-02-28 12:00:00', '2024-02-29 12:00:00', 87, 0, 1, '2024-02-08 07:18:42'),
(194, 'K43WqYw', 685, '2024-02-08 12:00:00', '2024-02-10 12:00:00', 88, 0, 1, '2024-02-08 07:25:37'),
(195, 'FgJVGUg', 683, '2024-02-08 12:00:00', '2024-02-09 12:00:00', 89, 0, 1, '2024-02-08 07:29:54'),
(198, 'y3Hz1et', 409, '2024-02-12 18:44:00', '2024-02-14 13:30:00', 46, 0, 1, '2024-02-12 05:43:18'),
(197, 'VBh0mcD', 684, '2024-02-28 03:00:00', '2024-02-29 12:00:00', 87, 0, 1, '2024-02-08 08:02:14'),
(199, 'ryWG9HR', 410, '2024-02-12 03:30:00', '2024-02-15 06:00:00', 58, 0, 1, '2024-02-12 05:50:01'),
(200, '7k9J7nW', 665, '2024-02-12 14:00:00', '2024-02-13 10:00:00', 90, 0, 1, '2024-02-12 06:47:02'),
(201, 'cFSQPyO', 590, '2024-02-11 01:00:00', '2024-02-20 01:00:00', 91, 0, 1, '2024-02-12 09:17:34'),
(202, 'KaifBpk', 569, '2024-02-11 01:00:00', '2024-02-15 01:00:00', 88, 0, 1, '2024-02-12 09:19:18'),
(203, 'F5bI5lf', 568, '2024-02-11 01:00:00', '2024-02-21 01:00:00', 77, 0, 1, '2024-02-12 09:20:09'),
(204, 'fWZDdn2', 0, '2024-02-13 14:00:00', '2024-02-15 10:00:00', 92, 0, 1, '2024-02-12 20:17:01'),
(205, 'z2fc96S', 665, '2024-02-13 14:00:00', '2024-02-16 10:00:00', 93, 0, 1, '2024-02-12 20:18:13'),
(206, 'mq9fINv', 664, '2024-02-14 14:00:00', '2024-02-15 10:00:00', 94, 0, 1, '2024-02-14 07:49:31'),
(207, 'FFfjhCa', 357, '2024-02-14 20:00:00', '2024-02-15 17:00:00', 58, 0, 1, '2024-02-14 08:16:17'),
(208, 'WvrJXQc', 357, '2024-02-15 18:30:00', '2024-02-16 13:30:00', 30, 0, 1, '2024-02-14 08:17:23'),
(209, 'rRQIo4s', 358, '2024-02-15 18:00:00', '2024-02-16 13:30:00', 51, 0, 1, '2024-02-14 08:18:02'),
(210, 'mLgEyuf', 691, '2024-02-20 21:30:00', '2024-02-21 10:00:00', 78, 0, 1, '2024-02-20 08:48:44'),
(212, 'SBXi9Ff', 698, '2024-02-20 14:00:00', '2024-02-21 10:00:00', 44, 0, 1, '2024-02-20 10:12:36'),
(213, 'y30Anq8', 134, '2024-02-20 00:00:00', '2024-02-22 12:00:00', 27, 0, 1, '2024-02-20 10:15:12'),
(214, 'nEh4ztq', 673, '2024-02-20 00:04:00', '2024-02-23 01:00:00', 27, 0, 1, '2024-02-20 10:18:58'),
(215, '3n2VpBU', 665, '2024-02-20 14:00:00', '2024-02-21 10:00:00', 44, 0, 1, '2024-02-20 11:09:33'),
(216, '1eoycIL', 592, '2024-02-20 01:00:00', '2024-02-22 01:00:00', 95, 0, 1, '2024-02-20 11:16:19'),
(217, 'WAqITpz', 681, '2024-02-20 01:00:00', '2024-02-23 01:00:00', 27, 0, 1, '2024-02-20 11:54:00'),
(218, 'qVC1I3k', 692, '2024-02-20 12:00:00', '2024-02-21 12:00:00', 44, 0, 1, '2024-02-20 19:44:17'),
(236, 'T9ybAZ3', 375, '2024-02-21 16:30:00', '2024-02-22 13:30:00', 97, 0, 1, '2024-02-21 04:28:41'),
(243, 'AwgAnDX', 694, '2024-02-21 14:00:00', '2024-02-22 10:00:00', 44, 0, 1, '2024-02-21 07:48:59'),
(255, 'Z05Gmkd', 694, '2024-02-22 14:00:00', '2024-02-23 10:00:00', 103, 0, 1, '2024-02-22 01:41:55'),
(249, 'dIJsNdV', 715, '2024-02-21 14:00:00', '2024-02-22 10:00:00', 102, 0, 1, '2024-02-21 09:04:42'),
(224, 'aqoCSjW', 409, '2024-02-21 16:42:00', '2024-02-22 17:30:00', 30, 0, 1, '2024-02-21 03:40:33'),
(225, 'XFqWmHk', 358, '2024-02-21 17:00:00', '2024-02-22 17:30:00', 30, 0, 1, '2024-02-21 03:41:26'),
(248, 'ZIXnJAL', 665, '2024-02-21 14:00:00', '2024-02-22 10:00:00', 102, 0, 1, '2024-02-21 08:57:55'),
(227, 'lXEbJFc', 411, '2024-02-21 16:49:00', '2024-02-22 13:30:00', 58, 0, 1, '2024-02-21 03:47:34'),
(228, 'PL2j3MI', 412, '2024-02-21 16:45:00', '2024-02-22 13:30:00', 97, 0, 1, '2024-02-21 03:48:45'),
(229, 'gXMaeGK', 709, '2024-02-21 12:00:00', '2024-02-22 12:00:00', 98, 0, 1, '2024-02-21 03:54:06'),
(230, 'hVY3PMK', 707, '2024-02-21 12:00:00', '2024-02-22 12:00:00', 27, 0, 1, '2024-02-21 03:54:54'),
(231, 'P6e63eR', 708, '2024-02-21 12:00:00', '2024-02-22 12:00:00', 99, 0, 1, '2024-02-21 03:57:09'),
(232, 'J53XYNR', 706, '2024-02-21 12:00:00', '2024-02-22 12:00:00', 27, 0, 1, '2024-02-21 04:05:55'),
(237, 'no0uHhe', 357, '2024-02-21 18:06:00', '2024-02-22 14:31:00', 100, 0, 1, '2024-02-21 05:05:39'),
(238, 'Y79U9He', 359, '2024-02-21 18:08:00', '2024-02-22 14:31:00', 100, 0, 1, '2024-02-21 05:06:19'),
(239, 'hAK9yIx', 706, '2024-02-23 12:00:00', '2024-02-24 12:00:00', 101, 0, 1, '2024-02-21 05:10:46'),
(256, '2Vqyhl9', 690, '2024-02-22 14:00:00', '2024-02-23 10:00:00', 104, 0, 1, '2024-02-22 07:37:15'),
(257, '02xnewg', 690, '2024-02-23 14:00:00', '2024-02-24 10:00:00', 105, 0, 1, '2024-02-23 09:50:32'),
(258, 'jW6FlD4', 664, '2024-02-23 14:00:00', '2024-02-24 10:00:00', 103, 0, 1, '2024-02-23 11:10:44'),
(259, 'ieMKCkN', 690, '2024-02-27 05:00:00', '2024-02-28 10:00:00', 106, 0, 1, '2024-02-26 21:33:29'),
(260, 'oysYCzY', 716, '2024-02-27 12:00:00', '2024-03-12 12:00:00', 59, 0, 1, '2024-02-27 05:54:33'),
(261, 'jEW5kts', 690, '2024-02-29 14:00:00', '2024-03-01 10:00:00', 104, 0, 1, '2024-02-29 05:58:25'),
(262, 'v6EPPVC', 691, '2024-02-29 14:00:00', '2024-03-01 10:00:00', 107, 0, 1, '2024-02-29 05:59:42'),
(263, 'XVXUMO2', 736, '2024-02-29 14:00:00', '2024-03-04 10:00:00', 104, 0, 1, '2024-02-29 20:56:42'),
(265, '0v8ZL4v', 694, '2024-03-01 06:00:00', '2024-03-02 10:00:00', 103, 0, 1, '2024-02-29 21:08:02'),
(278, '1a5m09y', 664, '2024-03-01 14:00:00', '2024-03-02 10:00:00', 103, 0, 1, '2024-03-01 09:53:20'),
(268, 'g44REGr', 691, '2024-03-01 16:00:00', '2024-03-02 10:00:00', 104, 0, 1, '2024-03-01 02:10:22'),
(269, 'p9ROrVy', 692, '2024-03-02 16:00:00', '2024-03-04 10:00:00', 104, 0, 1, '2024-03-01 03:20:29'),
(270, 'Zo9LjTw', 692, '2024-03-01 16:00:00', '2024-03-02 10:00:00', 104, 0, 1, '2024-03-01 05:24:27'),
(271, 'HZHKnUM', 568, '2024-02-29 01:00:00', '2024-03-02 01:00:00', 109, 0, 1, '2024-03-01 06:16:18'),
(279, 'XhCSuSY', 665, '2024-03-01 14:00:00', '2024-03-02 10:00:00', 103, 0, 1, '2024-03-01 11:45:16'),
(280, 'YZ6kZzA', 714, '2024-03-01 14:00:00', '2024-03-02 10:00:00', 115, 0, 1, '2024-03-01 11:47:18'),
(281, 'NUJtzN6', 357, '2024-03-02 11:00:00', '2024-03-03 13:30:00', 59, 0, 1, '2024-03-01 12:30:04'),
(289, 'sPq6hja', 664, '2024-03-02 14:00:00', '2024-03-03 10:00:00', 115, 0, 1, '2024-03-02 07:25:49'),
(288, 'PVUCQlh', 691, '2024-03-04 12:00:00', '2024-03-06 10:00:00', 104, 0, 1, '2024-03-02 04:46:55'),
(290, 'AxSritx', 694, '2024-03-03 13:00:00', '2024-03-04 10:00:00', 104, 0, 1, '2024-03-03 00:35:20'),
(291, 'wDNfz9y', 736, '2024-03-05 16:00:00', '2024-03-07 10:00:00', 104, 0, 1, '2024-03-03 05:45:49'),
(292, 'wWesCQ6', 690, '2024-03-05 14:00:00', '2024-03-12 10:00:00', 104, 0, 1, '2024-03-03 11:43:27'),
(293, 'npuPxQG', 692, '2024-03-05 14:00:00', '2024-03-07 10:00:00', 104, 0, 1, '2024-03-03 11:49:40'),
(294, 'vPB8Wbn', 692, '2024-03-07 14:00:00', '2024-03-09 10:00:00', 104, 0, 1, '2024-03-03 11:56:04'),
(295, 'B4qWecm', 694, '2024-03-31 14:00:00', '2024-04-01 10:00:00', 104, 0, 1, '2024-03-03 12:03:36'),
(296, 'wevwqI5', 693, '2024-03-31 14:00:00', '2024-04-01 10:00:00', 104, 0, 1, '2024-03-03 12:04:18'),
(297, 'Iot7z4T', 694, '2024-03-04 11:00:00', '2024-03-06 10:00:00', 104, 0, 1, '2024-03-03 22:31:54'),
(298, 'Sb6ighC', 692, '2024-03-12 14:00:00', '2024-03-14 10:00:00', 104, 0, 1, '2024-03-03 23:24:35'),
(299, 'PlvVaht', 692, '2024-03-04 15:20:00', '2024-03-05 10:00:00', 104, 0, 1, '2024-03-04 02:09:34'),
(300, '8nah4tc', 694, '2024-03-09 14:00:00', '2024-03-10 10:00:00', 104, 0, 1, '2024-03-04 03:13:42'),
(301, 'vsdm6n7', 694, '2024-03-14 14:00:00', '2024-03-15 10:00:00', 104, 0, 1, '2024-03-04 03:26:43'),
(302, 'mMfZ6nA', 736, '2024-04-21 14:00:00', '2024-04-27 10:00:00', 104, 0, 1, '2024-03-04 03:32:28'),
(303, 'egBCZv5', 694, '2024-04-26 14:00:00', '2024-04-27 10:00:00', 104, 0, 1, '2024-03-04 03:37:26'),
(304, 'acqRLtG', 736, '2024-03-04 14:00:00', '2024-03-05 10:00:00', 104, 0, 1, '2024-03-04 04:22:46'),
(305, 'pH0ECIz', 693, '2024-03-05 14:00:00', '2024-03-07 10:00:00', 104, 0, 1, '2024-03-04 04:33:49'),
(306, 'gtlpS7C', 737, '2024-03-04 12:00:00', '2024-03-06 12:00:00', 122, 0, 1, '2024-03-04 05:18:27'),
(307, '5Ix76jN', 743, '2024-03-04 12:00:00', '2024-03-13 12:00:00', 123, 0, 1, '2024-03-04 05:30:15'),
(308, 'Lmd2THG', 741, '2024-02-29 00:07:00', '2024-03-09 12:09:00', 124, 0, 1, '2024-03-04 06:08:18'),
(340, 'amC4bvY', 672, '2024-03-05 01:00:00', '2024-03-06 01:00:00', 142, 0, 1, '2024-03-04 12:24:14'),
(311, 'libTpQv', 761, '2024-03-06 12:00:00', '2024-03-07 12:00:00', 82, 0, 1, '2024-03-04 07:27:42'),
(312, 'hZlkXhN', 758, '2024-03-06 12:00:00', '2024-03-07 12:00:00', 82, 0, 1, '2024-03-04 07:28:06'),
(313, 'eqqaAIO', 739, '2024-03-06 12:00:00', '2024-03-07 12:00:00', 82, 0, 1, '2024-03-04 07:28:23'),
(314, '0NDK8OD', 756, '2024-03-06 12:00:00', '2024-03-07 12:00:00', 82, 0, 1, '2024-03-04 07:30:07'),
(315, 'utcrOdO', 760, '2024-03-06 12:00:00', '2024-03-07 12:00:00', 82, 0, 1, '2024-03-04 07:33:20'),
(316, 'k904jEf', 744, '2024-03-06 12:00:00', '2024-03-07 12:00:00', 82, 0, 1, '2024-03-04 07:34:45'),
(317, 'P0g8x7j', 759, '2024-03-05 12:00:00', '2024-03-20 12:00:00', 82, 0, 1, '2024-03-04 07:36:13'),
(318, 'gE0dE2P', 757, '2024-03-05 12:00:00', '2024-03-07 12:00:00', 82, 0, 1, '2024-03-04 07:37:55'),
(319, 'yyI8A25', 762, '2024-03-02 12:00:00', '2024-03-05 12:00:00', 27, 0, 1, '2024-03-04 07:38:44'),
(320, 'ZyMoVtr', 762, '2024-03-06 06:00:00', '2024-03-08 06:00:00', 28, 0, 1, '2024-03-04 07:40:54'),
(321, '2gWIQpE', 747, '2024-03-06 12:00:00', '2024-03-07 12:00:00', 27, 0, 1, '2024-03-04 07:44:17'),
(322, '2I8iJhC', 740, '2024-03-26 12:00:00', '2024-03-27 12:00:00', 125, 0, 1, '2024-03-04 07:58:10'),
(323, 's9BhHoo', 748, '2024-03-04 12:00:00', '2024-03-06 12:00:00', 126, 0, 1, '2024-03-04 07:58:53'),
(324, 'EBlNYyl', 748, '2024-03-06 21:00:00', '2024-03-08 21:00:00', 127, 0, 1, '2024-03-04 07:59:34'),
(325, 'c15OwvO', 570, '2024-03-03 17:30:00', '2024-03-04 17:30:00', 128, 0, 1, '2024-03-04 08:09:26'),
(326, 'vDpge4l', 592, '2024-03-04 01:00:00', '2024-03-05 01:00:00', 129, 0, 1, '2024-03-04 08:11:39'),
(327, 'ED8GyqN', 742, '2024-03-05 12:00:00', '2024-03-06 12:00:00', 130, 0, 1, '2024-03-04 08:57:20'),
(331, 'MzEbZni', 568, '2024-03-02 19:00:00', '2024-03-04 19:00:00', 134, 0, 1, '2024-03-04 09:41:41'),
(332, 'TTHTvAf', 591, '2024-03-03 22:00:00', '2024-03-07 19:00:00', 135, 0, 1, '2024-03-04 09:54:49'),
(334, 'N1i826B', 741, '2024-03-13 12:00:00', '2024-03-15 12:00:00', 137, 0, 1, '2024-03-04 09:58:05'),
(335, '1PKd9wM', 760, '2024-03-08 12:00:00', '2024-04-05 12:00:00', 138, 0, 1, '2024-03-04 10:24:54'),
(337, 'TDqyKQa', 664, '2024-03-04 11:26:30', '2024-03-04 11:26:30', 140, 0, 1, '2024-03-04 11:27:21'),
(341, 'gI9pMiv', 568, '2024-03-06 01:00:00', '2024-03-07 01:00:00', 143, 0, 1, '2024-03-04 12:25:57'),
(342, 'tFxZdiz', 569, '2024-03-04 05:00:00', '2024-03-06 01:00:00', 144, 0, 1, '2024-03-04 12:28:20'),
(353, '7VzILzw', 664, '2024-03-05 14:00:00', '2024-03-06 10:00:00', 155, 0, 1, '2024-03-05 11:44:13'),
(344, 'cRchopq', 714, '2024-03-05 14:00:00', '2024-03-06 10:00:00', 146, 0, 1, '2024-03-04 21:56:42'),
(354, 'rCuCGTr', 691, '2024-03-12 14:00:00', '2024-03-13 10:00:00', 156, 0, 1, '2024-03-06 03:16:01'),
(346, 'Jk6lWA0', 736, '2024-03-21 14:00:00', '2024-03-22 10:00:00', 148, 0, 1, '2024-03-05 02:03:17'),
(347, 'emkibPs', 694, '2024-03-06 14:00:00', '2024-03-07 09:30:00', 149, 0, 1, '2024-03-05 03:39:05'),
(348, 'HMRt53d', 681, '2024-03-05 09:47:00', '2024-03-06 17:30:00', 150, 0, 1, '2024-03-05 04:09:35'),
(349, 'm0CCVUr', 590, '2024-03-04 01:00:00', '2024-03-07 01:00:00', 151, 0, 1, '2024-03-05 04:19:11'),
(350, 'Sffw272', 665, '2024-03-05 14:00:00', '2024-03-06 10:00:00', 152, 0, 1, '2024-03-05 05:46:41'),
(351, '2LmtAnR', 693, '2024-03-08 14:00:00', '2024-03-10 10:00:00', 153, 0, 1, '2024-03-05 06:02:04'),
(352, '9x5QxX4', 693, '2024-03-07 14:00:00', '2024-03-08 10:00:00', 154, 0, 1, '2024-03-05 07:37:14'),
(355, '5ZsT66D', 569, '2024-03-06 05:20:00', '2024-03-07 09:00:00', 157, 0, 1, '2024-03-06 04:21:57'),
(356, 'JSL4mCi', 570, '2024-03-06 05:20:00', '2024-03-08 09:00:00', 158, 0, 1, '2024-03-06 04:22:48'),
(357, 'BtwrfzF', 662, '2024-03-07 01:00:00', '2024-03-08 01:00:00', 159, 0, 1, '2024-03-06 05:59:18'),
(358, 'cf9zO8P', 662, '2024-03-08 02:00:00', '2024-03-09 01:00:00', 160, 0, 1, '2024-03-06 05:59:45'),
(359, 'kmfGL1g', 693, '2024-03-11 14:00:00', '2024-03-12 10:00:00', 161, 0, 1, '2024-03-07 04:58:48'),
(360, 'ALtythA', 736, '2024-03-08 14:00:00', '2024-03-10 10:00:00', 162, 0, 1, '2024-03-07 20:12:42'),
(361, 'Axyvsjy', 694, '2024-03-08 14:00:00', '2024-03-09 10:00:00', 163, 0, 1, '2024-03-08 02:17:13'),
(364, 'e4Cs2QW', 664, '2024-03-08 14:00:00', '2024-03-09 10:00:00', 166, 0, 1, '2024-03-08 06:45:31'),
(363, 'lAyPJ4w', 692, '2024-03-09 14:00:00', '2024-03-12 10:00:00', 165, 0, 1, '2024-03-08 06:40:52'),
(365, 'Ha3uayq', 694, '2024-03-10 14:00:00', '2024-03-11 10:00:00', 167, 0, 1, '2024-03-08 10:11:24'),
(366, 'T1TcwEA', 672, '2024-03-08 01:00:00', '2024-03-09 01:00:00', 168, 0, 1, '2024-03-08 11:30:41'),
(370, 's1DvkTu', 714, '2024-03-08 14:00:00', '2024-03-09 10:00:00', 172, 0, 1, '2024-03-08 12:04:23'),
(369, 'fA6dK8j', 673, '2024-03-07 01:00:00', '2024-03-11 23:00:00', 171, 0, 1, '2024-03-08 12:03:00'),
(392, 'F7NNNhd', 665, '2024-03-09 09:00:00', '2024-03-10 10:00:00', 194, 0, 1, '2024-03-09 01:59:58'),
(393, '0iGfNNo', 664, '2024-03-11 09:00:00', '2024-03-12 10:00:00', 195, 0, 1, '2024-03-10 19:33:58'),
(394, 'po28nQy', 694, '2024-03-11 14:00:00', '2024-03-12 10:00:00', 196, 0, 1, '2024-03-10 23:00:07'),
(395, 'hycWSPB', 736, '2024-03-12 10:00:00', '2024-03-15 10:00:00', 197, 0, 1, '2024-03-11 10:09:56'),
(412, 'glTgWla', 691, '2024-03-14 14:00:00', '2024-03-30 10:00:00', 214, 0, 1, '2024-03-13 21:59:46'),
(397, 'R47Lq2w', 694, '2024-03-13 14:00:00', '2024-03-14 10:00:00', 199, 0, 1, '2024-03-12 00:37:01'),
(398, 'IetCnGO', 663, '2024-03-12 01:00:00', '2024-03-13 01:00:00', 200, 0, 1, '2024-03-12 05:16:13'),
(399, '0QAa9zN', 662, '2024-03-13 01:00:00', '2024-03-16 01:00:00', 201, 0, 1, '2024-03-12 05:23:32'),
(400, 'WMbIrTl', 690, '2024-03-13 14:00:00', '2024-03-14 10:00:00', 202, 0, 1, '2024-03-12 05:52:19'),
(401, 'WCWeq0W', 693, '2024-03-14 14:00:00', '2024-03-15 10:00:00', 203, 0, 1, '2024-03-12 06:37:20'),
(402, '9aEltuw', 570, '2024-03-12 01:00:00', '2024-03-14 01:00:00', 204, 0, 1, '2024-03-12 08:03:10'),
(404, 'iCxJUnI', 769, '2024-03-13 02:00:00', '2024-03-14 10:00:00', 206, 0, 1, '2024-03-12 21:41:56'),
(405, 'S6iCozV', 768, '2024-03-14 14:00:00', '2024-03-15 10:00:00', 207, 0, 1, '2024-03-13 08:44:17'),
(406, 'kbZGUdP', 692, '2024-03-16 14:00:00', '2024-03-17 10:00:00', 208, 0, 1, '2024-03-13 10:11:29'),
(409, 'RQPKL1h', 568, '2024-03-14 01:00:00', '2024-03-15 01:00:00', 211, 0, 1, '2024-03-13 12:13:03'),
(410, 'Gmy1a4T', 672, '2024-03-15 01:00:00', '2024-03-16 01:00:00', 212, 0, 1, '2024-03-13 12:14:24'),
(411, 'BhdODFO', 692, '2024-03-14 14:00:00', '2024-03-15 10:00:00', 213, 0, 1, '2024-03-13 21:54:03'),
(413, 'vbuOqH4', 664, '2024-03-14 09:00:00', '2024-03-15 10:00:00', 215, 0, 1, '2024-03-14 10:53:27'),
(414, 'rUUmGef', 590, '2024-03-14 01:00:00', '2024-03-23 01:00:00', 216, 0, 1, '2024-03-15 06:59:38'),
(415, 'pIWbPxr', 736, '2024-03-17 06:00:00', '2024-03-17 18:00:00', 207, 0, 1, '2024-03-15 08:39:16'),
(417, 'LQt37Cd', 664, '2024-03-18 09:00:00', '2024-03-19 10:00:00', 217, 0, 1, '2024-03-18 09:54:27'),
(418, 'u183Azx', 767, '2024-03-23 01:00:00', '2024-03-24 01:00:00', 218, 0, 1, '2024-03-22 06:00:08'),
(419, '6yNFDg2', 692, '2024-03-30 14:00:00', '2024-03-31 10:00:00', 219, 0, 1, '2024-03-29 11:16:56'),
(420, 't3mA5nO', 736, '2024-03-31 14:00:00', '2024-04-03 10:00:00', 220, 0, 1, '2024-03-29 11:23:47'),
(421, '4Lido8r', 693, '2024-03-30 14:00:00', '2024-03-31 10:00:00', 221, 0, 1, '2024-03-29 19:29:35'),
(422, '5wPhlqW', 692, '2024-03-31 14:00:00', '2024-04-02 10:00:00', 222, 0, 1, '2024-03-30 05:53:33'),
(462, 'Rz5EleS', 692, '2024-04-25 14:00:00', '2024-04-26 10:00:00', 258, 0, 1, '2024-04-24 20:41:09'),
(424, 'd3IJWfJ', 736, '2024-04-03 14:00:00', '2024-04-04 10:00:00', 224, 0, 1, '2024-04-02 21:42:57'),
(425, '80viypg', 694, '2024-04-03 14:00:00', '2024-04-04 10:00:00', 225, 0, 1, '2024-04-03 04:10:54'),
(426, 'zElh7dR', 694, '2024-04-06 14:00:00', '2024-04-07 09:00:00', 226, 0, 1, '2024-04-04 05:51:15'),
(427, '0SWujgp', 692, '2024-04-05 14:00:00', '2024-04-07 10:00:00', 227, 0, 1, '2024-04-05 00:50:39'),
(428, 'yY1ATLM', 736, '2024-04-05 14:00:00', '2024-04-06 10:00:00', 228, 0, 1, '2024-04-05 05:31:27'),
(429, '0520JUS', 768, '2024-04-09 14:00:00', '2024-04-10 10:00:00', 229, 0, 1, '2024-04-08 22:53:09'),
(430, 'rBmgFNX', 694, '2024-04-10 14:00:00', '2024-04-11 10:00:00', 230, 0, 1, '2024-04-09 22:44:44'),
(431, 'mEPY3hh', 769, '2024-04-10 12:48:00', '2024-04-10 18:00:00', 229, 0, 1, '2024-04-10 00:41:03'),
(432, 'mADzyD3', 694, '2024-04-12 14:00:00', '2024-04-13 10:00:00', 231, 0, 1, '2024-04-10 20:55:22'),
(433, 'bJ1NqeE', 692, '2024-04-12 14:00:00', '2024-04-14 10:00:00', 232, 0, 1, '2024-04-12 07:33:52'),
(434, 'UhlPcfm', 693, '2024-04-12 14:00:00', '2024-04-13 10:00:00', 233, 0, 1, '2024-04-12 08:22:58'),
(435, 'YgfPa2X', 736, '2024-04-13 14:00:00', '2024-04-14 10:00:00', 234, 0, 1, '2024-04-12 20:54:06'),
(436, 'YXPaDBs', 768, '2024-04-14 14:00:00', '2024-04-15 10:00:00', 235, 0, 1, '2024-04-14 09:57:48'),
(437, 'JGXUx4B', 693, '2024-04-26 14:00:00', '2024-04-28 10:00:00', 236, 0, 1, '2024-04-14 23:53:08'),
(438, 'baC2LdV', 768, '2024-04-16 14:00:00', '2024-04-17 10:00:00', 237, 0, 1, '2024-04-15 00:14:12'),
(447, '3vCbMts', 664, '2024-04-20 09:00:00', '2024-04-21 10:00:00', 244, 0, 1, '2024-04-20 00:06:32'),
(440, 'QDV8tRW', 694, '2024-04-19 14:00:00', '2024-04-20 10:00:00', 239, 0, 1, '2024-04-15 21:03:45'),
(441, 'wDBERPu', 736, '2024-04-16 14:00:00', '2024-04-17 10:00:00', 240, 0, 1, '2024-04-16 05:33:14'),
(444, 'bnfmSc0', 736, '2024-04-20 14:00:00', '2024-04-21 10:00:00', 241, 0, 1, '2024-04-18 03:05:44'),
(443, 'ewIBvvl', 736, '2024-04-17 14:00:00', '2024-04-18 10:00:00', 242, 0, 1, '2024-04-17 01:44:51'),
(448, 'tEewNhU', 691, '2024-04-20 14:00:00', '2024-04-21 10:00:00', 245, 0, 1, '2024-04-20 03:36:16'),
(449, 'DxTLqNx', 694, '2024-04-27 14:00:00', '2024-04-28 10:00:00', 246, 0, 1, '2024-04-20 03:44:37'),
(450, 'hjqnQBM', 693, '2024-04-20 14:00:00', '2024-04-21 10:00:00', 247, 0, 1, '2024-04-20 04:18:35'),
(451, 'tjxUY8M', 694, '2024-04-20 14:00:00', '2024-04-21 10:00:00', 248, 0, 1, '2024-04-20 07:20:13'),
(452, 'NvVEt76', 694, '2024-04-22 14:00:00', '2024-04-24 10:00:00', 249, 0, 1, '2024-04-20 10:01:34'),
(453, '3PISOlf', 691, '2024-04-24 14:00:00', '2024-04-25 10:00:00', 250, 0, 1, '2024-04-21 03:12:03'),
(454, 'IQNyQrN', 691, '2024-04-22 14:00:00', '2024-04-23 10:00:00', 251, 0, 1, '2024-04-21 05:31:16'),
(455, 'IG26j1Q', 690, '2024-04-24 14:00:00', '2024-04-25 10:00:00', 252, 0, 1, '2024-04-22 10:09:52'),
(456, 'clC5VL8', 693, '2024-04-23 14:00:00', '2024-04-24 10:00:00', 246, 0, 1, '2024-04-23 06:28:18'),
(457, 'SdvSdxF', 694, '2024-04-24 14:00:00', '2024-04-25 10:00:00', 253, 0, 1, '2024-04-23 10:56:52'),
(458, 'i7d6665', 768, '2024-04-24 09:00:00', '2024-04-25 10:00:00', 254, 0, 1, '2024-04-23 21:35:50'),
(463, 'ZPHYA02', 691, '2024-04-25 14:00:00', '2024-04-26 10:00:00', 259, 0, 1, '2024-04-24 21:24:52'),
(460, 'HC67rjc', 693, '2024-04-25 14:00:00', '2024-04-26 10:00:00', 256, 0, 1, '2024-04-24 20:05:42'),
(461, 'xGWlAf1', 691, '2024-04-27 14:00:00', '2024-04-28 10:00:00', 257, 0, 1, '2024-04-24 20:27:09'),
(464, '92hgcS9', 694, '2024-04-25 14:00:00', '2024-04-26 10:00:00', 260, 0, 1, '2024-04-25 03:50:46'),
(465, 'tBkj20C', 692, '2024-04-26 14:00:00', '2024-04-27 10:00:00', 261, 0, 1, '2024-04-25 20:32:05'),
(466, 'MzfkhIh', 691, '2024-04-26 14:00:00', '2024-04-27 10:00:00', 262, 0, 1, '2024-04-25 22:28:34'),
(467, '9snW9t5', 690, '2024-04-27 01:05:00', '2024-04-28 10:00:00', 263, 0, 1, '2024-04-27 00:50:29'),
(468, 'cIAuFbF', 692, '2024-04-27 14:00:00', '2024-04-28 10:00:00', 264, 0, 1, '2024-04-27 05:23:04'),
(484, 'cAZYfWl', 736, '2024-05-02 14:00:00', '2024-05-06 10:00:00', 274, 0, 1, '2024-05-02 11:47:00'),
(471, 'eI7VrWL', 694, '2024-04-30 14:00:00', '2024-05-01 10:00:00', 267, 0, 1, '2024-04-30 09:13:37'),
(474, 'JhoyPiF', 568, '2024-05-01 18:30:00', '2024-05-03 18:30:00', 269, 0, 1, '2024-05-02 10:08:50'),
(492, '3qAq5k7', 664, '2024-05-03 09:00:00', '2024-05-05 10:00:00', 279, 1, 1, '2024-05-02 22:10:35'),
(495, 'OlWrHaY', 691, '2024-05-03 14:00:00', '2024-05-05 10:00:00', 281, 0, 1, '2024-05-03 05:30:08'),
(480, 'Qx3laAW', 665, '2024-05-02 09:00:00', '2024-05-03 10:00:00', 243, 0, 1, '2024-05-02 11:05:50'),
(494, 'j8wgmK4', 694, '2024-05-03 13:00:00', '2024-05-05 10:00:00', 280, 0, 1, '2024-05-03 01:59:26'),
(558, 'E5QSP', 690, '2024-05-23 14:00:00', '2024-12-31 10:00:00', 276, 0, 1, '2024-05-23 07:28:50'),
(490, 'BoOOKZq', 693, '2024-05-03 14:00:00', '2024-05-04 10:00:00', 277, 0, 1, '2024-05-02 12:37:08'),
(491, 'zlh1CGV', 766, '2024-05-06 09:00:00', '2024-05-07 10:00:00', 278, 1, 1, '2024-05-02 12:57:56'),
(496, 'XbWTELS', 736, '2024-05-06 14:00:00', '2024-05-07 10:00:00', 282, 0, 1, '2024-05-06 03:38:02'),
(497, 'j9qG8HQ', 736, '2024-05-15 14:00:00', '2024-05-16 10:00:00', 283, 0, 1, '2024-05-07 04:09:56'),
(498, 'IX8gs4U', 736, '2024-05-08 14:00:00', '2024-05-09 10:00:00', 284, 0, 1, '2024-05-07 08:02:13'),
(500, '57lI4f4', 691, '2024-05-08 14:00:00', '2024-05-09 10:00:00', 286, 0, 1, '2024-05-08 05:37:08'),
(501, '8BshYIt', 692, '2024-05-08 14:00:00', '2024-05-09 10:00:00', 287, 0, 1, '2024-05-08 07:12:25'),
(502, 'X4xt3Yx', 693, '2024-05-09 14:00:00', '2024-05-10 10:00:00', 288, 0, 1, '2024-05-08 20:16:06'),
(503, '8GcWygr', 736, '2024-05-09 14:00:00', '2024-05-10 10:00:00', 286, 0, 1, '2024-05-09 02:18:12'),
(504, '8U9wuON', 694, '2024-05-10 14:00:00', '2024-05-11 10:00:00', 289, 0, 1, '2024-05-10 04:05:14'),
(505, 'qwyDo6e', 691, '2024-05-11 14:00:00', '2024-05-12 10:00:00', 290, 0, 1, '2024-05-10 07:09:21'),
(506, 'aJrfND5', 768, '2024-05-11 14:00:00', '2024-05-12 10:00:00', 290, 0, 1, '2024-05-11 04:18:52'),
(519, 'USIbFIf', 568, '2024-05-13 01:00:00', '2024-05-14 01:00:00', 269, 0, 1, '2024-05-13 10:40:20'),
(508, 'HDU7tC0', 691, '2024-05-14 14:00:00', '2024-05-15 10:00:00', 292, 0, 1, '2024-05-12 21:00:32'),
(509, 'cFRz6DB', 692, '2024-05-14 14:00:00', '2024-05-15 10:00:00', 293, 0, 1, '2024-05-12 21:38:53'),
(510, 'WVW8WQ6', 694, '2024-05-14 14:00:00', '2024-05-15 10:00:00', 294, 0, 1, '2024-05-12 21:47:56'),
(562, 'BYWU9', 692, '2024-06-09 14:00:00', '2024-06-10 10:00:00', 295, 0, 1, '2024-05-23 08:44:45'),
(512, 'sbJqo2O', 691, '2024-05-13 11:00:00', '2024-05-14 10:00:00', 296, 0, 1, '2024-05-12 23:19:26'),
(513, 'orEvOAP', 692, '2024-05-13 11:00:00', '2024-05-14 10:00:00', 297, 0, 1, '2024-05-12 23:25:21'),
(514, '9bEe2sq', 693, '2024-05-13 11:00:00', '2024-05-14 10:00:00', 298, 0, 1, '2024-05-12 23:31:28'),
(515, 'EN0EmVA', 694, '2024-05-13 14:00:00', '2024-05-14 10:00:00', 299, 0, 1, '2024-05-12 23:35:32'),
(516, 'g4O5JqW', 694, '2024-05-13 11:00:00', '2024-05-13 11:50:00', 300, 0, 1, '2024-05-12 23:40:53'),
(518, 'gxgR1eh', 768, '2024-05-13 14:00:00', '2024-05-14 10:00:00', 302, 0, 1, '2024-05-13 03:15:49'),
(525, 'Mz6whzk', 664, '2024-05-14 09:00:00', '2024-05-16 10:00:00', 308, 1, 1, '2024-05-14 10:53:27'),
(523, 'cvWs1mN', 693, '2024-05-14 14:00:00', '2024-05-15 10:00:00', 306, 0, 1, '2024-05-14 06:47:23'),
(524, 'HXpcw2t', 590, '2024-05-13 01:00:00', '2024-05-17 01:00:00', 307, 0, 1, '2024-05-14 08:23:31'),
(526, 'Egip4gX', 665, '2024-05-14 09:00:00', '2024-05-16 10:00:00', 309, 1, 1, '2024-05-14 10:54:34'),
(527, '18V7k3M', 765, '2024-05-14 09:00:00', '2024-05-17 10:00:00', 310, 1, 1, '2024-05-14 10:55:15'),
(528, '9ZJ9P8f', 766, '2024-05-14 09:00:00', '2024-05-18 10:00:00', 311, 1, 1, '2024-05-14 10:56:07'),
(529, 'gUUbxpz', 768, '2024-07-10 07:00:00', '2024-07-15 17:00:00', 312, 0, 1, '2024-05-14 21:28:12'),
(530, 'lYQgGIp', 768, '2024-09-09 07:00:00', '2024-09-12 17:00:00', 312, 0, 1, '2024-05-14 21:29:33'),
(531, 'HfbxWDD', 768, '2024-11-11 07:00:00', '2024-11-14 17:00:00', 312, 0, 1, '2024-05-14 21:30:55'),
(532, '135miW4', 768, '2025-01-13 07:00:00', '2025-01-16 17:00:00', 312, 0, 1, '2024-05-14 21:32:23'),
(533, 'PFNstSI', 768, '2025-03-12 07:00:00', '2025-03-14 17:00:00', 312, 0, 1, '2024-05-14 21:33:33'),
(534, 'nC77rDV', 768, '2024-05-15 09:00:00', '2024-05-15 10:00:00', 312, 0, 1, '2024-05-14 21:34:30'),
(535, 'hCem5SL', 692, '2024-05-16 08:00:00', '2024-05-16 10:00:00', 313, 0, 1, '2024-05-15 20:38:43'),
(539, 'QGRYynz', 691, '2024-05-16 09:00:00', '2024-05-16 14:00:00', 314, 0, 1, '2024-05-15 21:12:25'),
(537, 'jQwUJXN', 693, '2024-05-16 08:00:00', '2024-05-16 10:00:00', 313, 0, 1, '2024-05-15 20:40:13'),
(538, 'FIRj2X7', 694, '2024-05-16 08:00:00', '2024-05-16 10:00:00', 313, 0, 1, '2024-05-15 20:40:47'),
(540, 'mTPIkT4', 770, '2024-05-16 09:00:00', '2024-05-18 10:00:00', 315, 0, 1, '2024-05-15 22:37:49'),
(564, 'AAK9Q', 693, '2024-05-23 14:00:00', '2024-06-07 10:00:00', 223, 0, 1, '2024-05-23 09:13:40'),
(542, 'pReQPRn', 736, '2024-05-20 14:00:00', '2024-05-22 10:00:00', 317, 0, 1, '2024-05-19 23:43:36'),
(544, 'hz8q3u3', 770, '2024-05-20 09:00:00', '2024-05-21 10:00:00', 319, 0, 1, '2024-05-20 10:08:17'),
(545, 'ocfEzKG', 568, '2024-05-19 01:00:00', '2024-05-24 01:00:00', 320, 0, 1, '2024-05-21 06:38:36'),
(546, 'CQEOkxu', 592, '2024-05-20 01:00:00', '2024-05-23 01:00:00', 321, 0, 1, '2024-05-21 07:03:21'),
(547, 'jZgL32C', 691, '2024-05-22 14:00:00', '2024-05-23 10:00:00', 322, 0, 1, '2024-05-22 02:44:41'),
(548, 'QonEMuG', 736, '2024-05-22 14:00:00', '2024-05-23 10:00:00', 323, 0, 1, '2024-05-22 05:58:07'),
(563, '8H2CK', 691, '2024-05-25 14:00:00', '2024-05-26 10:00:00', 335, 0, 1, '2024-05-23 08:51:08'),
(551, '3DGJ6EDJ', 782, '2024-05-21 12:00:00', '2024-05-23 12:00:00', 326, 0, 1, '2024-05-22 11:39:39'),
(553, 'SDWUN', 664, '2024-05-22 09:00:00', '2024-05-25 10:00:00', 327, 1, 1, '2024-05-22 12:23:20'),
(554, 'FBUSY', 691, '2024-05-23 14:00:00', '2024-05-24 10:00:00', 328, 0, 1, '2024-05-23 07:19:16'),
(555, 'TVBXC', 692, '2024-05-23 14:00:00', '2024-05-24 10:00:00', 329, 0, 1, '2024-05-23 07:19:53'),
(556, 'Q8FGC', 694, '2024-05-23 14:00:00', '2024-05-24 10:00:00', 330, 0, 1, '2024-05-23 07:26:51'),
(557, 'HWFG6', 736, '2024-05-23 14:00:00', '2024-05-24 10:00:00', 331, 0, 1, '2024-05-23 07:27:33'),
(559, 'K4U93', 692, '2024-05-24 14:00:00', '2024-05-27 10:00:00', 332, 0, 1, '2024-05-23 07:32:02'),
(560, 'G2TTJ', 694, '2024-05-24 14:00:00', '2024-05-25 10:00:00', 333, 0, 1, '2024-05-23 07:36:39'),
(561, 'VN94H', 691, '2024-05-24 14:00:00', '2024-05-25 10:00:00', 334, 0, 1, '2024-05-23 07:45:12'),
(565, 'UGPCC', 590, '2024-05-23 09:00:00', '2024-05-25 10:00:00', 269, 0, 1, '2024-05-23 12:15:18'),
(566, 'W9RM3', 591, '2024-05-23 02:30:00', '2024-05-25 22:30:00', 269, 0, 1, '2024-05-23 12:16:02'),
(567, 'VAHEX', 672, '2024-05-25 01:00:00', '2024-05-28 01:00:00', 307, 0, 1, '2024-05-23 12:23:39'),
(568, 'HA7JC', 770, '2024-05-24 09:00:00', '2024-05-25 10:00:00', 336, 0, 1, '2024-05-24 01:25:02'),
(569, '7XQ7U', 665, '2024-05-24 09:00:00', '2024-05-25 10:00:00', 337, 1, 1, '2024-05-24 10:03:23'),
(570, 'XFJWB', 736, '2024-05-25 14:00:00', '2024-05-26 10:00:00', 338, 0, 1, '2024-05-25 04:04:39'),
(571, 'KXQQZ', 736, '2024-05-28 14:00:00', '2024-05-29 10:00:00', 317, 0, 1, '2024-05-27 08:12:20'),
(572, 'YXKGJ', 692, '2024-05-29 14:00:00', '2024-05-30 10:00:00', 339, 0, 1, '2024-05-28 08:17:34'),
(573, 'ZHN87', 691, '2024-06-01 14:00:00', '2024-06-02 09:00:00', 340, 0, 1, '2024-05-28 08:42:49'),
(574, 'BJ4NA', 736, '2024-06-06 14:00:00', '2024-06-07 10:00:00', 341, 0, 1, '2024-05-28 08:46:09'),
(575, '8PZ78', 691, '2024-06-02 14:00:00', '2024-06-03 10:30:00', 342, 0, 1, '2024-05-28 10:08:28'),
(577, 'BTAEY', 691, '2024-05-29 14:00:00', '2024-05-30 09:00:00', 343, 0, 1, '2024-05-28 10:49:22'),
(578, 'WNM9G', 736, '2024-05-29 14:00:00', '2024-05-30 10:00:00', 317, 0, 1, '2024-05-29 01:42:45'),
(579, 'BYH4F', 694, '2024-05-30 14:00:00', '2024-05-31 09:00:00', 344, 0, 1, '2024-05-29 07:08:11'),
(589, 'BTHCJ', 736, '2024-05-31 09:00:00', '2024-05-31 15:00:00', 351, 0, 1, '2024-05-30 21:00:12'),
(590, 'M9TYK', 691, '2024-05-31 16:00:00', '2024-06-01 09:00:00', 352, 0, 1, '2024-05-31 04:46:55'),
(591, '7MNE8', 736, '2024-06-02 14:00:00', '2024-06-03 09:00:00', 353, 0, 1, '2024-05-31 22:14:33'),
(592, '9Y2R2', 694, '2024-06-01 14:00:00', '2024-06-04 09:00:00', 354, 0, 1, '2024-06-01 12:17:08'),
(593, '86BYC', 692, '2024-06-03 14:00:00', '2024-06-05 09:00:00', 355, 0, 1, '2024-06-03 07:05:10'),
(594, 'DHBAZ', 736, '2024-06-05 14:00:00', '2024-06-06 09:00:00', 356, 0, 1, '2024-06-04 18:13:49'),
(595, 'PBRGY', 736, '2024-06-10 14:00:00', '2024-06-11 10:00:00', 356, 0, 1, '2024-06-09 22:06:53'),
(596, 'W3V34', 692, '2024-06-12 14:00:00', '2024-06-14 09:00:00', 357, 0, 1, '2024-06-10 08:29:17'),
(597, 'WKE5V', 694, '2024-06-11 14:00:00', '2024-06-12 09:00:00', 358, 0, 1, '2024-06-10 08:48:31'),
(598, 'RNQMD', 736, '2024-06-11 11:00:00', '2024-06-12 09:00:00', 356, 0, 1, '2024-06-10 19:32:27'),
(599, 'CJF6V', 692, '2024-06-11 14:00:00', '2024-06-12 09:00:00', 359, 0, 1, '2024-06-11 03:12:23'),
(600, 'SMVB8', 691, '2024-06-11 14:00:00', '2024-06-12 09:00:00', 360, 0, 1, '2024-06-11 06:28:14'),
(601, '9AWG3', 736, '2024-06-12 14:00:00', '2024-06-13 09:00:00', 356, 0, 1, '2024-06-12 02:30:32'),
(603, 'C4HAT', 664, '2024-06-14 09:00:00', '2024-06-15 10:00:00', 361, 0, 1, '2024-06-14 02:24:50'),
(604, 'V738H', 692, '2024-06-14 14:00:00', '2024-06-15 09:00:00', 362, 0, 1, '2024-06-14 08:38:25'),
(605, 'SJXJQ', 736, '2024-06-18 14:00:00', '2024-07-03 10:00:00', 363, 0, 1, '2024-06-17 21:53:47'),
(606, 'Z855F', 768, '2024-06-21 13:00:00', '2024-06-24 10:00:00', 364, 0, 1, '2024-06-21 03:35:55'),
(607, 'PDYPZ', 665, '2024-06-24 09:00:00', '2024-06-25 10:00:00', 365, 1, 1, '2024-06-24 03:04:17'),
(630, 'CNC9M', 736, '2024-07-06 14:00:00', '2024-07-07 10:00:00', 381, 0, 1, '2024-07-04 11:58:16'),
(611, 'XCP37', 665, '2024-06-26 09:00:00', '2024-06-27 00:00:00', 368, 0, 1, '2024-06-26 01:53:49'),
(617, 'N2PZ2', 664, '2024-06-27 11:00:00', '2024-06-28 10:00:00', 373, 0, 1, '2024-06-27 02:14:38'),
(619, 'MJXFX', 590, '2024-06-27 01:00:00', '2024-06-30 01:00:00', 374, 0, 1, '2024-06-28 13:50:22'),
(621, 'J86GX', 591, '2024-06-29 01:00:00', '2024-07-02 01:00:00', 376, 0, 1, '2024-06-30 05:46:56'),
(622, '8RDSD', 592, '2024-06-28 01:00:00', '2024-07-03 01:00:00', 377, 0, 1, '2024-06-30 06:02:35'),
(623, 'G5AEZ', 673, '2024-06-28 01:00:00', '2024-07-02 01:00:00', 378, 0, 1, '2024-06-30 10:57:15'),
(624, 'KXUWK', 786, '2024-06-28 01:00:00', '2024-07-02 01:00:00', 379, 0, 1, '2024-06-30 12:16:59'),
(628, '96FMZ', 664, '2024-07-03 11:00:00', '2024-07-04 10:00:00', 380, 0, 1, '2024-07-02 23:09:58'),
(627, 'KGQCC', 766, '2024-07-02 11:00:00', '2024-07-05 10:00:00', 243, 0, 1, '2024-07-02 22:36:51'),
(631, '2UY79', 693, '2024-07-05 14:00:00', '2024-07-06 09:00:00', 382, 0, 1, '2024-07-04 12:00:06'),
(632, 'CENWM', 694, '2024-07-06 14:00:00', '2024-07-07 09:00:00', 383, 0, 1, '2024-07-05 21:34:59'),
(633, '3D58H', 692, '2024-07-06 14:00:00', '2024-07-07 09:00:00', 384, 0, 1, '2024-07-05 21:40:17'),
(634, '4UYNA', 691, '2024-07-06 14:00:00', '2024-07-07 09:00:00', 385, 0, 1, '2024-07-06 05:38:20'),
(635, '64CMW', 691, '2024-07-09 14:00:00', '2024-07-10 09:00:00', 386, 0, 1, '2024-07-07 21:07:53'),
(636, 'D3H8J', 692, '2024-07-10 14:00:00', '2024-07-12 09:00:00', 387, 0, 1, '2024-07-07 21:12:46'),
(637, 'GVESE', 694, '2024-07-09 14:00:00', '2024-07-10 09:00:00', 388, 0, 1, '2024-07-09 01:56:47'),
(638, 'VFAQT', 693, '2024-07-09 14:00:00', '2024-07-10 09:00:00', 389, 0, 1, '2024-07-09 01:59:44'),
(639, 'VJZE9', 692, '2024-07-09 14:00:00', '2024-07-10 09:00:00', 390, 0, 1, '2024-07-09 06:46:57'),
(640, 'BBUBY', 736, '2024-07-09 14:00:00', '2024-07-10 09:00:00', 391, 0, 1, '2024-07-09 10:07:30'),
(641, 'FX642', 693, '2024-07-10 09:10:00', '2024-07-11 09:00:00', 392, 0, 1, '2024-07-09 21:12:22'),
(642, '9XJAX', 694, '2024-07-10 09:10:00', '2024-07-11 09:00:00', 393, 0, 1, '2024-07-09 21:14:15'),
(643, 'PS8EQ', 691, '2024-07-11 14:00:00', '2024-07-12 09:00:00', 394, 0, 1, '2024-07-10 20:15:43'),
(644, '2FTP6', 736, '2024-07-11 14:00:00', '2024-07-12 17:00:00', 395, 0, 1, '2024-07-11 09:36:46'),
(645, 'CWK8B', 693, '2024-07-15 14:00:00', '2024-07-16 10:00:00', 396, 0, 1, '2024-07-14 23:27:43'),
(646, 'HRJ6S', 692, '2024-07-15 14:00:00', '2024-07-17 09:00:00', 397, 0, 1, '2024-07-15 02:00:45'),
(647, 'AH2SU', 694, '2024-07-16 14:00:00', '2024-07-17 09:00:00', 398, 0, 1, '2024-07-15 06:54:20'),
(649, 'A8YX6', 693, '2024-07-16 10:15:00', '2024-07-17 10:00:00', 396, 0, 1, '2024-07-15 20:19:30'),
(650, 'NSF3F', 693, '2024-07-17 11:00:00', '2024-07-18 10:00:00', 396, 0, 1, '2024-07-16 07:48:17'),
(651, 'VJTUV', 691, '2024-07-17 14:00:00', '2024-07-18 10:00:00', 399, 0, 1, '2024-07-17 06:38:06'),
(652, '57YYQ', 692, '2024-07-17 14:00:00', '2024-07-18 09:00:00', 400, 0, 1, '2024-07-17 08:44:09'),
(653, '8N5Z7', 693, '2024-07-18 14:00:00', '2024-07-25 09:00:00', 401, 0, 1, '2024-07-18 02:03:42'),
(654, 'SS5ZB', 692, '2024-07-18 14:00:00', '2024-07-19 09:00:00', 402, 0, 1, '2024-07-18 09:50:42'),
(655, 'ZWQ9M', 692, '2024-07-19 14:00:00', '2024-07-21 09:00:00', 403, 0, 1, '2024-07-18 09:51:24'),
(656, '6BRRA', 694, '2024-07-19 14:00:00', '2024-07-20 09:00:00', 404, 0, 1, '2024-07-18 20:44:32'),
(658, 'D2UNH', 694, '2024-07-24 14:00:00', '2024-07-25 09:00:00', 406, 0, 1, '2024-07-23 23:21:20'),
(659, 'B9FXW', 693, '2024-07-25 10:00:00', '2024-07-31 09:00:00', 407, 0, 1, '2024-07-24 07:19:00'),
(660, '8CH8Q', 692, '2024-08-05 14:00:00', '2024-08-06 09:00:00', 408, 0, 1, '2024-07-28 20:47:28'),
(661, 'KW2KF', 692, '2024-07-29 14:00:00', '2024-07-30 09:00:00', 409, 0, 1, '2024-07-28 23:37:48'),
(662, '169', 169, '2024-08-22 16:02:00', '2024-08-25 16:02:00', 35, 0, 1, '2024-08-19 14:39:37');

-- --------------------------------------------------------

--
-- Table structure for table `codescanlogs`
--

CREATE TABLE `codescanlogs` (
  `id` int(11) NOT NULL,
  `code` varchar(50) NOT NULL,
  `scandatetime` datetime NOT NULL,
  `isfoundvalid` char(1) NOT NULL DEFAULT '0'
) ENGINE=MyISAM DEFAULT CHARSET=latin1 COLLATE=latin1_swedish_ci;

--
-- Dumping data for table `codescanlogs`
--

INSERT INTO `codescanlogs` (`id`, `code`, `scandatetime`, `isfoundvalid`) VALUES
(109, '1', '2023-11-14 09:50:19', '0'),
(108, '43', '2023-11-14 09:34:35', '1'),
(107, 'lNM1tom', '2023-11-13 17:49:18', '0'),
(106, '19112213', '2023-11-13 17:47:31', '0'),
(105, '43', '2023-11-13 17:46:12', '1'),
(104, '43', '2023-11-13 17:46:01', '1'),
(103, 'lNM1tom', '2023-11-13 17:45:52', '0'),
(102, 'lNM1tom', '2023-11-13 17:45:43', '0'),
(101, 'lNM1tom', '2023-11-13 17:42:34', '0'),
(100, '43', '2023-11-13 17:42:25', '1'),
(99, 'lNM1tom', '2023-11-13 17:38:40', '0'),
(98, '43', '2023-11-13 17:38:26', '1'),
(97, '43', '2023-11-13 17:11:30', '1'),
(96, '41', '2023-11-13 17:05:44', '1'),
(95, '43', '2023-11-13 16:59:54', '1'),
(94, '48', '2023-11-13 16:34:54', '1'),
(93, '48', '2023-11-13 16:34:12', '1'),
(92, '48', '2023-11-13 16:33:47', '1'),
(91, '47', '2023-11-13 16:19:51', '1'),
(90, '43', '2023-11-13 16:10:29', '1'),
(89, '43', '2023-11-13 16:10:15', '1'),
(88, 'dqHTbPT', '2023-11-13 16:08:13', '0'),
(87, '7l7l1fR', '2023-11-13 16:06:55', '0'),
(86, '24', '2023-11-12 13:13:50', '1'),
(85, 'tes', '2023-11-09 17:51:27', '0'),
(84, '2', '2023-11-09 17:51:04', '0'),
(83, '1', '2023-11-09 17:50:46', '0'),
(82, '2', '2023-11-09 16:24:46', '0'),
(81, '1', '2023-11-09 16:24:37', '0'),
(80, '1', '2023-11-09 16:24:21', '0'),
(79, '1', '2023-11-09 16:24:15', '0'),
(78, 'OFeCIKQ', '2023-11-09 10:04:37', '0'),
(77, '33', '2023-11-09 09:47:33', '1'),
(76, '33', '2023-11-09 09:47:25', '1'),
(75, 'NWvVuMj', '2023-11-09 09:46:55', '0'),
(74, 'NWvVuMj', '2023-11-09 09:46:39', '0'),
(73, '33', '2023-11-09 09:43:26', '1'),
(72, '24', '2023-11-09 09:16:33', '1'),
(71, '24', '2023-11-08 11:06:24', '1'),
(70, '24', '2023-11-07 17:43:16', '1'),
(69, '24', '2023-11-07 11:21:06', '1'),
(68, '24', '2023-11-07 11:05:19', '1'),
(67, '24', '2023-11-07 10:07:36', '1'),
(66, '24', '2023-11-07 10:07:33', '1'),
(65, '24', '2023-11-07 10:07:24', '1'),
(64, '24', '2023-11-07 10:07:22', '1'),
(63, '24', '2023-11-07 10:07:18', '1'),
(62, '24', '2023-11-07 10:07:15', '1'),
(61, '24', '2023-11-07 10:02:12', '1'),
(110, 'habydeyuw2', '2023-11-14 09:50:29', '0'),
(111, 'habydeyuw2', '2023-11-14 09:50:30', '0'),
(112, 'habydeyuw2', '2023-11-14 09:50:37', '0'),
(113, 'habydeyuw2', '2023-11-14 09:51:35', '0'),
(114, '2', '2023-11-14 09:51:43', '0'),
(115, '2', '2023-11-14 09:55:59', '0'),
(116, '2', '2023-11-14 09:56:01', '0'),
(117, '2', '2023-11-14 09:58:54', '0'),
(118, 'iubwiebd', '2023-11-14 09:59:03', '0'),
(119, '1', '2023-11-14 09:59:08', '0'),
(120, 'http://en.m.wikipedia.org', '2023-11-14 10:09:30', '0'),
(121, 'http://en.m.wikipedia.org', '2023-11-14 10:11:54', '0'),
(122, 'http://en.m.wikipedia.org', '2023-11-14 10:16:41', '0'),
(123, 'http://en.m.wikipedia.org', '2023-11-14 10:16:53', '0'),
(124, '1', '2023-11-14 10:23:23', '0'),
(125, '1', '2023-11-14 10:26:08', '0'),
(126, '1', '2023-11-14 10:26:30', '0'),
(127, '1', '2023-11-14 10:26:43', '0'),
(128, '1', '2023-11-14 10:38:50', '0'),
(129, '1', '2023-11-14 10:39:20', '0'),
(130, '1', '2023-11-14 10:39:40', '0'),
(131, '1', '2023-11-14 10:40:16', '0'),
(132, '1wiyrfi', '2023-11-14 10:41:16', '0'),
(133, '1wiyrfi', '2023-11-14 10:41:42', '0'),
(134, 'www.google.com', '2023-11-14 10:44:03', '0'),
(135, 'www.google.com', '2023-11-14 10:46:33', '0'),
(136, 'www.google.com', '2023-11-14 10:46:39', '0'),
(137, 'http://en.m.wikipedia.org', '2023-11-14 10:55:10', '0'),
(138, '7l7l1fR', '2023-11-14 10:57:08', '0'),
(139, '43', '2023-11-14 10:59:08', '1'),
(140, 'CELErva', '2023-11-14 11:05:14', '0'),
(141, 'CELErva', '2023-11-14 11:05:23', '0'),
(142, '63', '2023-11-14 12:22:30', '1'),
(143, '282', '2023-11-14 12:32:44', '0'),
(144, '282', '2023-11-14 12:33:06', '0'),
(145, '55', '2023-11-14 13:09:51', '1'),
(146, '55', '2023-11-14 13:09:57', '1'),
(147, '55', '2023-11-14 13:10:11', '1'),
(148, '55', '2023-11-14 13:13:34', '1'),
(149, '55', '2023-11-14 13:14:45', '1'),
(150, '55', '2023-11-14 13:15:35', '1'),
(151, '55', '2023-11-14 13:21:03', '1'),
(152, '282', '2023-11-14 13:21:41', '0'),
(153, '282', '2023-11-14 14:44:04', '0'),
(154, '282', '2023-11-14 14:45:28', '0'),
(155, 'https://qr.sandisk.com/lPn81', '2023-11-14 14:46:18', '0'),
(156, 'https://qr.sandisk.com/lPn81', '2023-11-14 14:46:28', '0'),
(157, 'https://ww6.sec.cl/qr/qr.do?a=prod&i=9900000005153', '2023-11-14 14:46:38', '0'),
(158, 'https://get-qr.com', '2023-11-17 22:29:19', '0'),
(159, 'https://get-qr.com', '2023-11-17 22:29:19', '0'),
(160, 'https://get-qr.com', '2023-11-17 22:29:19', '0'),
(161, 'https://get-qr.com', '2023-11-17 22:29:39', '0'),
(162, '74', '2023-11-17 22:31:35', '1'),
(163, '74', '2023-11-17 22:31:35', '1'),
(164, '74', '2023-11-17 22:31:35', '1'),
(165, '74', '2023-11-17 22:31:35', '1'),
(166, '74', '2023-11-17 22:31:48', '1'),
(167, '74', '2023-11-17 22:32:05', '1'),
(168, 'http://q-r.to/bapfTn', '2023-11-17 22:32:33', '0'),
(169, '74', '2023-11-17 22:33:16', '1'),
(170, '74', '2023-11-17 22:39:24', '1'),
(171, '74', '2023-11-17 22:39:24', '1'),
(172, '74', '2023-11-17 22:39:24', '1'),
(173, '74', '2023-11-17 22:39:24', '1'),
(174, '74', '2023-11-17 22:39:24', '1'),
(175, '74', '2023-11-17 22:39:24', '1'),
(176, '74', '2023-11-17 22:39:24', '1'),
(177, '74', '2023-11-17 22:39:24', '1'),
(178, '74', '2023-11-17 22:39:24', '1'),
(179, '74', '2023-11-17 22:39:24', '1'),
(180, '74', '2023-11-17 22:39:24', '1'),
(181, '74', '2023-11-17 22:39:24', '1'),
(182, '74', '2023-11-17 22:39:24', '1'),
(183, '74', '2023-11-17 22:39:24', '1'),
(184, '74', '2023-11-17 22:39:24', '1'),
(185, '74', '2023-11-17 22:39:24', '1'),
(186, '74', '2023-11-17 22:39:24', '1'),
(187, '74', '2023-11-17 22:39:24', '1'),
(188, '74', '2023-11-17 22:39:24', '1'),
(189, '74', '2023-11-17 22:39:24', '1'),
(190, '74', '2023-11-17 22:39:24', '1'),
(191, '74', '2023-11-17 22:39:24', '1'),
(192, '74', '2023-11-17 22:39:24', '1'),
(193, '74', '2023-11-17 22:39:24', '1'),
(194, '74', '2023-11-17 22:39:24', '1'),
(195, '74', '2023-11-17 22:39:24', '1'),
(196, '74', '2023-11-17 22:39:24', '1'),
(197, '74', '2023-11-17 22:39:24', '1'),
(198, '74', '2023-11-17 22:39:24', '1'),
(199, '74', '2023-11-17 22:39:24', '1'),
(200, '74', '2023-11-17 22:39:24', '1'),
(201, '74', '2023-11-17 22:39:24', '1'),
(202, '74', '2023-11-17 22:39:24', '1'),
(203, '74', '2023-11-17 22:39:24', '1'),
(204, '74', '2023-11-17 22:39:24', '1'),
(205, '74', '2023-11-17 22:39:24', '1'),
(206, '74', '2023-11-17 22:39:24', '1'),
(207, '74', '2023-11-17 22:39:24', '1'),
(208, '74', '2023-11-17 22:39:24', '1'),
(209, '74', '2023-11-17 22:39:24', '1'),
(210, '74', '2023-11-17 22:39:30', '1'),
(211, 'http://www.qrstuff.com/', '2023-11-17 23:08:25', '0'),
(212, 'http://www.qrstuff.com/', '2023-11-17 23:08:35', '0'),
(213, '61', '2023-11-17 23:13:35', '1'),
(214, 'https://l.ead.me/api-1', '2023-11-17 23:51:16', '0'),
(215, 'Hello :)', '2023-11-17 23:51:24', '0'),
(216, 'http://qr.rs/v/675a0', '2023-11-17 23:51:31', '0'),
(217, 'http://qr.rs/v/675a0', '2023-11-17 23:51:38', '0'),
(218, 'http://goo.gl/W2Nu1', '2023-11-17 23:51:47', '0'),
(219, '75', '2023-11-18 00:01:11', '1'),
(220, '479', '2023-11-18 00:03:10', '0'),
(221, '76', '2023-11-18 00:06:59', '1'),
(222, '76', '2023-11-18 00:07:09', '1'),
(223, '76', '2023-11-18 00:07:23', '1'),
(224, '76', '2023-11-18 00:07:35', '1'),
(225, '76', '2023-11-18 00:08:03', '1'),
(226, 'y3QGPIX', '2023-11-18 00:10:20', '0'),
(227, 'y3QGPIX', '2023-11-18 00:10:29', '0'),
(228, 'http://en.m.wikipedia.org', '2023-11-20 17:59:43', '0'),
(229, 'http://en.m.wikipedia.org', '2023-11-20 17:59:53', '0'),
(230, '1', '2023-11-21 17:42:06', '0'),
(231, '1', '2023-11-21 17:42:32', '0'),
(232, '1', '2023-11-22 18:58:32', '0'),
(233, '1', '2023-11-22 18:58:41', '0'),
(234, '1', '2023-11-22 18:59:21', '0'),
(235, '1', '2023-11-22 19:15:20', '0'),
(236, '61', '2023-11-22 19:16:36', '1'),
(237, '61', '2023-11-22 19:18:49', '1'),
(238, '61', '2023-11-22 19:19:19', '1'),
(239, '61', '2023-11-22 19:19:46', '1'),
(240, '61', '2023-11-22 19:21:30', '1'),
(241, '61', '2023-11-22 19:22:00', '1'),
(242, '61', '2023-11-22 19:23:25', '1'),
(243, '61', '2023-11-22 19:23:59', '1'),
(244, '61', '2023-11-22 19:26:01', '1'),
(245, '61', '2023-11-22 19:26:30', '1'),
(246, '61', '2023-11-22 19:26:56', '1'),
(247, '61', '2023-11-22 19:27:08', '1'),
(248, '61', '2023-11-22 19:28:44', '1'),
(249, '61', '2023-11-22 19:28:59', '1'),
(250, '61', '2023-11-22 19:30:34', '1'),
(251, '61', '2023-11-22 19:31:12', '1'),
(252, '61', '2023-11-22 19:35:31', '1'),
(253, '61', '2023-11-22 19:38:29', '1'),
(254, '61', '2023-11-22 19:40:05', '1'),
(255, '61', '2023-11-22 19:41:10', '1'),
(256, '61', '2023-11-22 19:42:25', '1'),
(257, '61', '2023-11-22 19:43:11', '1'),
(258, '61', '2023-11-22 19:44:16', '1'),
(259, '61', '2023-11-22 19:44:16', '1'),
(260, '61', '2023-11-22 19:45:10', '1'),
(261, '61', '2023-11-22 19:46:05', '1'),
(262, '61', '2023-11-22 19:55:30', '1'),
(263, '61', '2023-11-22 19:59:34', '1'),
(264, '61', '2023-11-22 20:00:47', '1'),
(265, '61', '2023-11-22 20:01:48', '1'),
(266, '61', '2023-11-22 20:02:10', '1'),
(267, '61', '2023-11-22 20:08:50', '1'),
(268, '61', '2023-11-22 20:09:59', '1'),
(269, '61', '2023-11-22 20:11:00', '1'),
(270, '61', '2023-11-22 20:13:36', '1'),
(271, '61', '2023-11-22 20:14:47', '1'),
(272, '61', '2023-11-22 20:18:01', '1'),
(273, '61', '2023-11-22 20:58:06', '1'),
(274, '61', '2023-11-22 20:58:26', '1'),
(275, '61', '2023-11-22 20:58:43', '1'),
(276, 'http://itunes.apple.com/us/app/encyclopaedia-brita', '2023-11-22 21:03:02', '0'),
(277, '61', '2023-11-22 21:03:50', '1'),
(278, '61', '2023-11-22 21:04:08', '1'),
(279, '06201067', '2023-11-22 21:08:06', '0'),
(280, 'http://en.m.wikipedia.org', '2023-11-22 22:03:08', '0'),
(281, 'http://en.m.wikipedia.org', '2023-11-22 22:11:54', '0'),
(282, '61', '2023-11-22 22:12:50', '1'),
(283, '61', '2023-11-22 22:13:02', '1'),
(284, '61', '2023-11-22 22:13:21', '1'),
(285, '61', '2023-11-22 22:16:07', '1'),
(286, '61', '2023-11-22 22:16:15', '1'),
(287, '61', '2023-11-22 22:40:32', '1'),
(288, 'ApnnEzq', '2023-11-22 22:42:32', '0'),
(289, 'ApnnEzq', '2023-11-22 22:42:46', '0'),
(290, '61', '2023-11-22 22:52:53', '1'),
(291, '80', '2023-11-22 23:04:15', '1'),
(292, '80', '2023-11-22 23:04:51', '1'),
(293, '80', '2023-11-22 23:05:21', '1'),
(294, '80', '2023-11-22 23:05:28', '1'),
(295, '484', '2023-11-22 23:05:43', '0'),
(296, 'http://en.m.wikipedia.org', '2023-11-22 23:06:00', '0'),
(297, '61', '2023-11-22 23:07:06', '1'),
(298, '61', '2023-11-22 23:48:06', '1'),
(299, '61', '2023-11-23 01:07:28', '1'),
(300, '61', '2023-11-23 01:16:53', '1'),
(301, '61', '2023-11-23 01:19:17', '1'),
(302, '61', '2023-11-23 01:21:26', '1'),
(303, '85', '2023-11-23 01:23:25', '1'),
(304, '85', '2023-11-23 01:23:32', '1'),
(305, '85', '2023-11-23 01:24:09', '1'),
(306, '85', '2023-11-23 01:24:45', '1'),
(307, '61', '2023-11-23 01:28:49', '1'),
(308, '61', '2023-11-23 01:33:09', '1'),
(309, '61', '2023-11-23 01:36:43', '1'),
(310, '61', '2023-11-23 17:17:26', '1'),
(311, '61', '2023-11-23 17:18:43', '1'),
(312, '61', '2023-11-23 17:19:19', '1'),
(313, '61', '2023-11-23 17:19:57', '1'),
(314, '61', '2023-11-23 17:20:37', '1'),
(315, '85', '2023-11-23 20:12:39', '1'),
(316, '85', '2023-11-23 20:13:32', '1'),
(317, 'http://2tag.nl/4RR26P', '2023-11-23 20:48:50', '0'),
(318, '61', '2023-11-23 20:49:35', '1'),
(319, '61', '2023-11-23 20:54:43', '1'),
(320, '85', '2023-11-23 21:08:12', '1'),
(321, '85', '2023-11-23 21:08:26', '1'),
(322, '85', '2023-11-23 21:08:47', '1'),
(323, '85', '2023-11-23 21:09:01', '1'),
(324, 'POyDmOD', '2023-11-23 21:10:28', '0'),
(325, '61', '2023-11-23 21:26:08', '1'),
(326, '61', '2023-11-23 21:27:05', '1'),
(327, '61', '2023-11-23 22:11:34', '1'),
(328, '61', '2023-11-24 01:38:25', '1'),
(329, '61', '2023-11-24 01:41:34', '1'),
(330, '61', '2023-11-24 04:42:07', '1'),
(331, '92', '2023-11-25 15:23:38', '1'),
(332, '91', '2023-11-25 15:24:31', '1'),
(333, '91', '2023-11-25 15:24:36', '1'),
(334, '92', '2023-11-25 15:24:43', '1'),
(335, '92', '2023-11-25 15:24:55', '1'),
(336, '92', '2023-11-25 15:25:08', '1'),
(337, '92', '2023-11-25 15:25:14', '1'),
(338, '92', '2023-11-25 15:26:00', '1'),
(339, '92', '2023-11-25 15:26:06', '1'),
(340, '92', '2023-11-25 15:29:52', '1'),
(341, '13138226', '2023-11-27 17:11:47', '0'),
(342, 'https://www.aptika.com/', '2023-11-27 17:13:04', '0'),
(343, 'https://www.aptika.com/', '2023-11-27 17:13:09', '0'),
(344, 'https://www.aptika.com/', '2023-11-27 17:13:19', '0'),
(345, 'ZDS7piO', '2023-11-28 18:09:53', '0'),
(346, 'ZDS7piO', '2023-11-28 18:10:18', '0'),
(347, 'ZDS7piO', '2023-11-28 18:10:30', '0'),
(348, 'ZDS7piO', '2023-11-28 18:10:45', '0'),
(349, 'http://en.m.wikipedia.org', '2023-11-28 18:21:59', '0'),
(350, 'BAlbcoc', '2023-11-29 18:53:42', '0'),
(351, '98', '2023-11-29 18:56:48', '1'),
(352, '98', '2023-11-29 18:57:00', '1'),
(353, '99', '2023-11-29 18:58:34', '1'),
(354, 'IrgZvg9', '2023-11-29 19:01:55', '0'),
(355, 'Cdmgt7e', '2023-11-29 19:02:29', '0'),
(356, 'Cdmgt7e', '2023-11-29 19:04:19', '0'),
(357, '102', '2023-11-29 19:26:54', '1'),
(358, '105', '2023-11-29 22:53:34', '1'),
(359, '105', '2023-11-29 22:55:05', '1'),
(360, '13417830', '2023-11-29 22:55:20', '0'),
(361, 'upi://pay?pa=ankushpsj1962@oksbi&pn=Paul%20Ankush&', '2023-11-29 22:55:46', '0'),
(362, '105', '2023-11-29 22:55:59', '1'),
(363, 'http://tec-it.com', '2023-12-01 01:06:58', '0'),
(364, 'https://internationalbarcodes.com/', '2023-12-01 01:07:06', '0'),
(365, 'https://l.ead.me/api-1', '2023-12-01 01:07:20', '0'),
(366, 'https://internationalbarcodes.com/', '2023-12-01 01:07:27', '0'),
(367, 'https://l.ead.me/api-1', '2023-12-01 01:07:36', '0'),
(368, 'https://l.ead.me/api-1', '2023-12-01 01:11:29', '0'),
(369, 'https://internationalbarcodes.com/', '2023-12-01 01:14:14', '0'),
(370, '107', '2023-12-01 16:31:05', '1'),
(371, '107', '2023-12-01 16:31:43', '1'),
(372, '107', '2023-12-01 16:33:27', '1'),
(373, 'http://itunes.apple.com/us/app/encyclopaedia-brita', '2023-12-01 17:04:33', '0'),
(374, '107', '2023-12-01 17:04:58', '1'),
(375, '107', '2023-12-01 17:05:13', '1'),
(376, 'http://itunes.apple.com/us/app/encyclopaedia-brita', '2023-12-01 17:08:53', '0'),
(377, '107', '2023-12-01 17:09:10', '1'),
(378, '107', '2023-12-01 17:09:25', '1'),
(379, '107', '2023-12-01 17:12:16', '1'),
(380, '107', '2023-12-01 17:14:14', '1'),
(381, '107', '2023-12-01 17:14:27', '1'),
(382, '107', '2023-12-01 17:17:20', '1'),
(383, '107', '2023-12-01 17:17:42', '1'),
(384, '107', '2023-12-01 17:17:52', '1'),
(385, '107', '2023-12-01 17:39:09', '1'),
(386, '107', '2023-12-01 17:42:26', '1'),
(387, '107', '2023-12-01 17:42:33', '1'),
(388, '107', '2023-12-01 17:43:02', '1'),
(389, '107', '2023-12-01 17:43:17', '1'),
(390, '107', '2023-12-01 17:45:36', '1'),
(391, '107', '2023-12-01 17:45:48', '1'),
(392, '107', '2023-12-01 17:58:18', '1'),
(393, '107', '2023-12-01 18:01:06', '1'),
(394, '108', '2023-12-02 11:39:20', '1'),
(395, '108', '2023-12-02 11:39:49', '1'),
(396, '108', '2023-12-02 11:41:19', '1'),
(397, '108', '2023-12-02 11:43:28', '1'),
(398, '108', '2023-12-02 11:45:54', '1'),
(399, '108', '2023-12-02 11:46:05', '1'),
(400, '108', '2023-12-02 11:47:23', '1'),
(401, '108', '2023-12-02 11:48:40', '1'),
(402, '108', '2023-12-02 11:52:02', '1'),
(403, '108', '2023-12-02 11:52:16', '1'),
(404, '108', '2023-12-02 11:55:28', '1'),
(405, '108', '2023-12-02 11:55:41', '1'),
(406, '108', '2023-12-02 11:59:14', '1'),
(407, '108', '2023-12-02 12:02:41', '1'),
(408, '108', '2023-12-02 12:05:29', '1'),
(409, '108', '2023-12-02 12:36:51', '1'),
(410, '108', '2023-12-02 12:40:02', '1'),
(411, '108', '2023-12-02 12:43:52', '1'),
(412, '108', '2023-12-02 12:47:58', '1'),
(413, '108', '2023-12-02 12:50:20', '1'),
(414, '108', '2023-12-02 12:55:10', '1'),
(415, '108', '2023-12-03 14:58:49', '1'),
(416, '109', '2023-12-04 22:53:00', '1'),
(417, '109', '2023-12-04 22:53:12', '1'),
(418, 'http://www.seguro.co.nz', '2023-12-04 22:53:22', '0'),
(419, '109', '2023-12-04 22:53:39', '1'),
(420, '110', '2023-12-07 13:50:07', '1'),
(421, '121', '2023-12-08 19:16:29', '1'),
(422, '121', '2023-12-08 19:16:29', '1'),
(423, '121', '2023-12-08 19:16:29', '1'),
(424, '121', '2023-12-08 19:16:29', '1'),
(425, '121', '2023-12-08 19:16:29', '1'),
(426, '121', '2023-12-08 19:16:29', '1'),
(427, '121', '2023-12-08 19:16:29', '1'),
(428, '121', '2023-12-08 19:16:29', '1'),
(429, '121', '2023-12-08 19:16:29', '1'),
(430, '121', '2023-12-08 19:16:29', '1'),
(431, '121', '2023-12-08 19:16:29', '1'),
(432, '121', '2023-12-08 19:16:29', '1'),
(433, '121', '2023-12-08 19:16:29', '1'),
(434, '121', '2023-12-08 19:16:29', '1'),
(435, '121', '2023-12-08 19:16:29', '1'),
(436, '121', '2023-12-08 19:16:55', '1'),
(437, '121', '2023-12-08 19:16:55', '1'),
(438, '121', '2023-12-08 19:16:55', '1'),
(439, '121', '2023-12-08 19:16:55', '1'),
(440, '121', '2023-12-08 19:16:55', '1'),
(441, '121', '2023-12-08 19:16:55', '1'),
(442, '121', '2023-12-08 19:16:55', '1'),
(443, '121', '2023-12-08 19:16:55', '1'),
(444, '121', '2023-12-08 19:16:55', '1'),
(445, '121', '2023-12-08 19:16:55', '1'),
(446, '121', '2023-12-08 19:16:55', '1'),
(447, '121', '2023-12-08 19:16:55', '1'),
(448, '121', '2023-12-08 19:16:55', '1'),
(449, '121', '2023-12-08 19:16:55', '1'),
(450, '121', '2023-12-08 19:16:55', '1'),
(451, '121', '2023-12-08 19:16:55', '1'),
(452, '121', '2023-12-08 19:16:55', '1'),
(453, '121', '2023-12-08 19:16:55', '1'),
(454, '121', '2023-12-08 19:17:37', '1'),
(455, '121', '2023-12-08 19:18:19', '1'),
(456, '120', '2023-12-08 19:27:07', '1'),
(457, '120', '2023-12-08 19:27:16', '1'),
(458, '121', '2023-12-08 19:33:13', '1'),
(459, '121', '2023-12-08 19:33:25', '1'),
(460, '121', '2023-12-08 19:33:30', '1'),
(461, 'KogxNgZ', '2023-12-08 19:33:40', '0'),
(462, 'OwpHO5l', '2023-12-08 19:34:44', '0'),
(463, '121', '2023-12-08 19:34:54', '1'),
(464, '121', '2023-12-08 19:52:28', '1'),
(465, '121', '2023-12-08 19:53:16', '1'),
(466, '120', '2023-12-08 19:53:35', '1'),
(467, '121', '2023-12-08 19:54:33', '1'),
(468, 'http://en.m.wikipedia.org', '2023-12-08 19:59:07', '0'),
(469, 'http://en.m.wikipedia.org', '2023-12-08 19:59:13', '0'),
(470, 'http://itunes.apple.com/us/app/encyclopaedia-brita', '2023-12-10 12:59:09', '0'),
(471, 'http://en.m.wikipedia.org', '2023-12-10 12:59:29', '0'),
(472, '123', '2023-12-10 13:01:37', '1'),
(473, 'https://www.youtube.com/watch?v=dQw4w9WgXcQ', '2023-12-12 14:30:51', '0'),
(474, '124', '2023-12-12 14:31:13', '1'),
(475, '125', '2023-12-12 22:42:33', '1'),
(476, 'zl93WDd', '2023-12-12 22:43:07', '0'),
(477, 'zl93WDd', '2023-12-12 22:43:13', '0'),
(478, '571AfQs', '2023-12-12 22:43:20', '0'),
(479, '149', '2024-01-12 00:01:45', '1'),
(480, 'eQHL7ga', '2024-01-26 01:04:15', '0'),
(481, 'eQHL7ga', '2024-01-26 01:04:52', '0'),
(482, 'eQHL7ga', '2024-01-26 01:06:08', '0'),
(483, 'eQHL7ga', '2024-01-26 01:08:35', '0'),
(484, 'eQHL7ga', '2024-01-26 01:10:34', '0'),
(485, 'eQHL7ga', '2024-01-26 01:16:50', '0'),
(486, 'eQHL7ga', '2024-01-26 01:17:54', '0'),
(487, 'eQHL7ga', '2024-01-26 01:18:20', '0'),
(488, 'eQHL7ga', '2024-01-26 01:28:02', '0'),
(489, 'eQHL7ga', '2024-01-26 01:28:25', '0'),
(490, 's19UplN', '2024-01-29 23:00:34', '0'),
(491, '169', '2024-01-29 23:01:13', '1'),
(492, 'eQHL7ga', '2024-01-30 00:45:01', '0'),
(493, 'eQHL7ga', '2024-01-30 00:45:24', '0'),
(494, '173', '2024-01-30 01:23:18', '1'),
(495, '173', '2024-01-30 01:28:27', '1'),
(496, 'aHlbner', '2024-01-30 19:23:43', '0'),
(497, 'aHlbner', '2024-01-30 19:26:24', '0'),
(498, 'aHlbner', '2024-01-30 11:50:08', '1'),
(499, 'aHlbner', '2024-01-30 11:53:41', '1'),
(500, 'aHlbner', '2024-01-30 11:56:23', '1'),
(501, 'aHlbner', '2024-01-30 19:27:32', '0'),
(502, 'aHlbner', '2024-01-30 11:57:32', '1'),
(503, 'aHlbner', '2024-01-30 19:29:45', '0'),
(504, 'aHlbner', '2024-01-30 11:59:44', '1'),
(505, 'aHlbner', '2024-01-30 19:36:45', '0'),
(506, 'aHlbner', '2024-01-30 19:41:54', '0'),
(507, 'aHlbner', '2024-01-30 12:02:44', '1'),
(508, 'aHlbner', '2024-01-30 12:03:27', '1'),
(509, 'aHlbner', '2024-01-30 12:03:35', '1'),
(510, 'aHlbner', '2024-01-30 12:06:42', '1'),
(511, 'aHlbner', '2024-01-30 19:44:39', '0'),
(512, '173', '2024-01-30 19:55:50', '1'),
(513, 'aHlbner', '2024-01-30 19:59:35', '0'),
(514, 'GXHXRI5', '2024-01-30 23:23:24', '0'),
(515, 'R04weU90NXwyMDI0LTAxLTI5VDAxOjAwOjAwLjAwMFp8MjAyNC', '2024-01-30 23:50:42', '0'),
(516, 'R04weU90NXwyMDI0LTAxLTI5VDAxOjAwOjAwLjAwMFp8MjAyNC', '2024-01-30 23:52:24', '0'),
(517, 'R04weU90NXwyMDI0LTAxLTI5VDAxOjAwOjAwLjAwMFp8MjAyNC', '2024-01-30 23:52:43', '0'),
(518, '176', '2024-01-30 23:59:55', '1'),
(519, 'GXHXRI5', '2024-01-31 02:26:15', '0'),
(520, 'GXHXRI5', '2024-01-31 02:26:15', '0'),
(521, 'GXHXRI5', '2024-01-31 02:26:57', '0'),
(522, 'GXHXRI5', '2024-01-31 02:27:06', '0'),
(523, '46', '2024-01-31 23:21:44', '0'),
(524, '180', '2024-01-31 23:21:54', '1'),
(525, 'W5Hv35a', '2024-02-01 17:01:58', '0'),
(526, '157', '2024-02-01 17:11:06', '1'),
(527, 'W8MvksS', '2024-02-01 17:28:03', '0'),
(528, 'W8MvksS', '2024-02-01 17:31:23', '0'),
(529, '42', '2024-02-01 17:55:10', '1'),
(530, '4OGJOfj', '2023-11-14 09:50:19', '1'),
(531, '4OGJOfj', '2023-11-14 09:50:19', '1'),
(532, '4OGJOfj', '2023-11-14 09:50:19', '1'),
(533, '4OGJOf', '2024-02-01 19:03:27', '0'),
(534, '42', '2024-02-01 19:03:45', '1'),
(535, '42', '2024-02-01 20:04:20', '1'),
(536, '4OGJOfj', '2023-11-14 09:50:19', '1'),
(537, '4OGJOfj', '2023-11-14 09:50:19', '1'),
(538, '42', '2024-02-01 20:16:55', '1'),
(539, '42', '2024-02-01 20:39:12', '1'),
(540, '42', '2024-02-01 20:39:16', '1'),
(541, '4OGJOfj', '2023-11-14 09:50:19', '1'),
(542, '42', '2024-02-01 22:10:02', '1'),
(545, '4OGJOfj', '2023-11-14 09:50:19', '1'),
(546, 'W5Hv35', '2024-02-02 01:16:12', '0'),
(547, 'W5Hv35a', '2024-02-02 01:16:21', '0'),
(548, '182', '2024-02-03 18:35:59', '1'),
(549, '182', '2024-02-03 18:36:53', '1'),
(550, '182', '2024-02-03 18:44:09', '1'),
(551, '182', '2024-02-03 18:45:28', '1'),
(552, '182', '2024-02-03 18:46:49', '1'),
(553, '182', '2024-02-03 18:47:28', '1'),
(554, '182', '2024-02-03 18:49:03', '1'),
(555, '182', '2024-02-03 18:50:15', '1'),
(556, '182', '2024-02-03 19:53:58', '1'),
(557, '182', '2024-02-03 19:55:20', '1'),
(558, 'SEWyI73', '2024-02-05 10:53:38', '0'),
(559, 'SvLQL2W', '2024-02-05 10:56:30', '0'),
(560, '183', '2024-02-05 11:02:12', '1'),
(561, '183', '2024-02-05 11:09:12', '1'),
(562, '185', '2024-02-06 15:42:31', '1'),
(563, '185', '2024-02-06 15:42:41', '1'),
(564, '4OGJOfj', '2023-11-14 09:50:19', '1'),
(565, 'mqqXLcj', '2023-11-14 09:50:19', '1'),
(566, 'W8MvksS', '2024-02-06 18:30:37', '0'),
(567, '187', '2024-02-06 18:30:47', '1'),
(568, '570', '2024-02-06 18:39:15', '0'),
(569, '158', '2024-02-06 18:39:40', '1'),
(570, 'cADR8Jv', '2024-02-06 18:40:05', '0'),
(571, '187', '2024-02-06 18:43:15', '1'),
(572, '187', '2024-02-06 18:43:55', '1'),
(573, '188', '2024-02-07 23:56:43', '1'),
(574, 'fE7dzSu', '2024-02-08 00:08:07', '0'),
(575, 'y3Hz1et', '2024-02-12 18:47:32', '1'),
(576, 'cFSQPyO', '2024-02-12 22:21:50', '1'),
(577, 'cFSQPyO', '2024-02-13 01:10:57', '1'),
(578, 'cFSQPyO', '2024-02-13 01:11:16', '1'),
(579, 'cFSQPyO', '2024-02-19 23:45:36', '1'),
(580, 'mLgEyuf', '2024-02-20 21:54:49', '1'),
(581, 'mLgEyuf', '2024-02-20 21:54:59', '1'),
(582, 'mLgEyuf', '2024-02-20 21:55:13', '1'),
(583, 'mLgEyuf', '2024-02-20 21:58:36', '1'),
(584, 'mLgEyuf', '2024-02-20 21:59:19', '1'),
(585, 'mLgEyuf', '2024-02-20 22:01:33', '1'),
(586, 'V6LsXOh', '2024-02-20 22:11:23', '1'),
(587, 'mLgEyuf', '2024-02-20 22:30:42', '1'),
(588, 'mLgEyuf', '2024-02-20 22:30:58', '1'),
(589, 'SBXi9Ff', '2024-02-20 23:14:47', '1'),
(590, 'y30Anq8', '2024-02-20 23:15:38', '1'),
(591, 'SBXi9Ff', '2024-02-20 23:25:51', '1'),
(592, 'SBXi9Ff', '2024-02-20 23:26:01', '1'),
(593, 'SBXi9Ff', '2024-02-20 23:55:05', '1'),
(594, '3n2VpBU', '2024-02-21 00:11:12', '1'),
(595, '1eoycIL', '2024-02-21 00:18:05', '1'),
(596, '1eoycIL', '2024-02-21 00:24:19', '1'),
(597, '1eoycIL', '2024-02-21 00:29:49', '1'),
(598, '1eoycIL', '2024-02-21 00:32:52', '1'),
(599, '1eoycIL', '2024-02-21 00:33:09', '1'),
(600, '1eoycIL', '2024-02-21 00:36:37', '1'),
(601, '1eoycIL', '2024-02-21 00:38:01', '1'),
(602, '1eoycIL', '2024-02-21 00:39:49', '1'),
(603, '1eoycIL', '2024-02-21 00:41:28', '1'),
(604, '1eoycIL', '2024-02-21 00:43:03', '1'),
(605, '1eoycIL', '2024-02-21 00:47:59', '1'),
(606, '1eoycIL', '2024-02-21 00:51:33', '1'),
(607, '1eoycIL', '2024-02-21 00:53:40', '1'),
(608, 'WAqITpz', '2024-02-21 00:55:56', '1'),
(609, 'WAqITpz', '2024-02-21 01:08:16', '1'),
(610, '1eoycIL', '2024-02-21 01:16:51', '1'),
(611, 'WAqITpz', '2024-02-21 01:20:28', '1'),
(612, 'WAqITpz', '2024-02-21 01:31:47', '1'),
(613, '1eoycIL', '2024-02-21 01:32:38', '1'),
(614, '1eoycIL', '2024-02-21 01:33:00', '1'),
(615, '1eoycIL', '2024-02-21 01:37:29', '1'),
(616, '1eoycIL', '2024-02-21 01:47:33', '1'),
(617, 'qVC1I3k', '2024-02-21 08:46:44', '1'),
(618, 'qVC1I3k', '2024-02-21 08:48:45', '1'),
(619, 'EmHIlI8', '2024-02-21 17:25:12', '1'),
(620, 'T9ybAZ3', '2024-02-21 17:33:26', '1'),
(621, 'EmHIlI8', '2024-02-21 17:34:52', '1'),
(622, 'EmHIlI8', '2024-02-21 17:35:06', '1'),
(623, 'EmHIlI8', '2024-02-21 17:36:27', '1'),
(624, 'EmHIlI8', '2024-02-21 17:39:21', '1'),
(625, 'EmHIlI8', '2024-02-21 17:39:34', '1'),
(626, 'DLHigP3', '2024-02-21 18:23:53', '1'),
(627, 'DLHigP3', '2024-02-21 18:24:44', '1'),
(628, 'DLHigP3', '2024-02-21 18:25:06', '1'),
(629, 'sjYkOZQ', '2024-02-21 18:45:14', '1'),
(630, 'YMEmcgF', '2024-02-21 19:16:56', '1'),
(631, 'AwgAnDX', '2024-02-21 20:53:22', '1'),
(632, 'kZGWV4R', '2024-02-21 21:16:18', '1'),
(633, '3xg9Rtb', '2024-02-21 21:26:08', '1'),
(634, '3xg9Rtb', '2024-02-21 21:27:13', '1'),
(635, '7CzB5az', '2024-02-21 21:28:49', '1'),
(636, '7CzB5az', '2024-02-21 21:37:50', '1'),
(637, '72Meetv', '2024-02-21 21:43:58', '1'),
(638, 'ZIXnJAL', '2024-02-21 21:58:54', '1'),
(639, 'dIJsNdV', '2024-02-21 22:06:44', '1'),
(640, 'VuZzKDZ', '2024-02-22 11:04:20', '1'),
(641, 'VuZzKDZ', '2024-02-22 11:04:36', '1'),
(642, 'VuZzKDZ', '2024-02-22 11:24:44', '1'),
(643, 'VuZzKDZ', '2024-02-22 11:25:02', '1'),
(644, 'VuZzKDZ', '2024-02-22 11:25:12', '1'),
(645, 'VuZzKDZ', '2024-02-22 11:25:31', '1'),
(646, 'VuZzKDZ', '2024-02-22 11:37:48', '1'),
(647, 'PMXQX7L', '2024-02-22 13:58:30', '1'),
(648, 'LnmJqjJ', '2024-02-22 14:17:36', '1'),
(649, 'LnmJqjJ', '2024-02-22 14:18:18', '1'),
(650, 'QbaGtok', '2024-02-22 14:24:40', '1'),
(651, 'QbaGtok', '2024-02-22 14:31:11', '1'),
(652, 'QbaGtok', '2024-02-22 14:34:08', '1'),
(653, 'Q97K7yg', '2024-02-22 14:37:39', '1'),
(654, 'Q97K7yg', '2024-02-22 14:39:42', '1'),
(655, 'Z05Gmkd', '2024-02-22 14:43:25', '1'),
(656, 'Z05Gmkd', '2024-02-22 14:44:12', '1'),
(657, 'Z05Gmkd', '2024-02-22 14:53:04', '1'),
(658, 'jW6FlD4', '2024-02-24 00:15:17', '1'),
(659, 'jW6FlD4', '2024-02-24 00:15:25', '1'),
(660, 'jW6FlD4', '2024-02-24 00:15:52', '1'),
(661, 'jW6FlD4', '2024-02-24 00:16:24', '1'),
(662, 'jW6FlD4', '2024-02-24 00:16:44', '1'),
(663, 'jW6FlD4', '2024-02-24 00:18:07', '1'),
(664, 'jW6FlD4', '2024-02-24 00:20:51', '1'),
(665, 'jW6FlD4', '2024-02-24 00:20:57', '1'),
(666, 'jW6FlD4', '2024-02-24 00:21:08', '1'),
(667, 'jW6FlD4', '2024-02-24 00:21:16', '1'),
(668, 'ieMKCkN', '2024-02-27 10:35:31', '1'),
(669, 'ieMKCkN', '2024-02-27 10:36:31', '1'),
(670, 'ieMKCkN', '2024-02-27 10:37:52', '1'),
(671, 'ieMKCkN', '2024-02-27 10:39:19', '1'),
(672, 'ieMKCkN', '2024-02-27 10:58:20', '1'),
(673, 'ieMKCkN', '2024-02-27 11:00:09', '1'),
(674, 'ieMKCkN', '2024-02-27 11:02:04', '1'),
(675, 'ieMKCkN', '2024-02-27 11:13:27', '1'),
(676, 'ieMKCkN', '2024-02-27 11:13:54', '1'),
(677, 'jEW5kts', '2024-02-29 19:03:32', '1'),
(678, 'v6EPPVC', '2024-02-29 19:04:19', '1'),
(679, 'v6EPPVC', '2024-02-29 19:05:16', '1'),
(680, 'v6EPPVC', '2024-02-29 19:06:23', '1'),
(681, 'jEW5kts', '2024-02-29 19:07:45', '1'),
(682, 'v6EPPVC', '2024-02-29 19:15:10', '1'),
(683, 'v6EPPVC', '2024-02-29 19:22:41', '1'),
(684, 'v6EPPVC', '2024-03-01 09:17:36', '1'),
(685, 'jEW5kts', '2024-03-01 09:18:47', '1'),
(686, 'jEW5kts', '2024-03-01 09:22:15', '1'),
(687, 'v6EPPVC', '2024-03-01 09:22:45', '1'),
(688, 'jEW5kts', '2024-03-01 09:51:58', '1'),
(689, 'v6EPPVC', '2024-03-01 09:53:34', '1'),
(690, 'XVXUMO2', '2024-03-01 09:57:22', '1'),
(691, 'IiKK4gO', '2024-03-01 10:03:40', '1'),
(692, 'IiKK4gO', '2024-03-01 10:05:04', '1'),
(693, 'IiKK4gO', '2024-03-01 10:07:00', '1'),
(694, '0v8ZL4v', '2024-03-01 10:09:04', '1'),
(695, '0v8ZL4v', '2024-03-01 10:22:02', '1'),
(696, 'XVXUMO2', '2024-03-01 10:53:59', '1'),
(697, 'XVXUMO2', '2024-03-01 10:55:09', '1'),
(698, 'XVXUMO2', '2024-03-01 11:40:10', '1'),
(699, '0v8ZL4v', '2024-03-01 11:41:32', '1'),
(700, 'r6dwLOG', '2024-03-01 12:15:45', '1'),
(701, 'r6dwLOG', '2024-03-01 12:16:22', '1'),
(702, 'r6dwLOG', '2024-03-01 12:16:41', '1'),
(703, 'r6dwLOG', '2024-03-01 12:16:43', '1'),
(704, 'xngUR0k', '2024-03-01 12:19:07', '1'),
(705, 'xngUR0k', '2024-03-01 12:19:25', '1'),
(706, 'xngUR0k', '2024-03-01 12:20:36', '1'),
(707, 'xngUR0k', '2024-03-01 12:20:42', '1'),
(708, 'xngUR0k', '2024-03-01 12:21:13', '1'),
(709, 'xngUR0k', '2024-03-01 12:21:15', '1'),
(710, 'xngUR0k', '2024-03-01 12:21:31', '1'),
(711, '0v8ZL4v', '2024-03-01 13:32:34', '1'),
(712, '0v8ZL4v', '2024-03-01 17:56:31', '1'),
(713, 'g44REGr', '2024-03-01 17:57:49', '1'),
(714, 'XVXUMO2', '2024-03-01 18:02:20', '1'),
(715, 'g44REGr', '2024-03-01 18:13:26', '1'),
(716, 'Zo9LjTw', '2024-03-01 18:24:57', '1'),
(717, 'HZHKnUM', '2024-03-01 19:17:45', '1'),
(718, 'Zo9LjTw', '2024-03-01 19:26:33', '1'),
(719, 'HZHKnUM', '2024-03-01 19:34:21', '1'),
(720, 'HZHKnUM', '2024-03-01 19:38:44', '1'),
(721, 'HZHKnUM', '2024-03-01 19:41:40', '1'),
(722, 'HZHKnUM', '2024-03-01 19:42:53', '1'),
(723, 'HZHKnUM', '2024-03-01 19:44:14', '1'),
(724, 'HZHKnUM', '2024-03-01 19:46:16', '1'),
(725, 'HZHKnUM', '2024-03-01 19:46:51', '1'),
(726, 'HZHKnUM', '2024-03-01 19:47:15', '1'),
(727, 'HZHKnUM', '2024-03-01 19:48:50', '1'),
(728, 'HZHKnUM', '2024-03-01 19:49:05', '1'),
(729, 'HZHKnUM', '2024-03-01 19:50:57', '1'),
(730, 'HZHKnUM', '2024-03-01 20:00:50', '1'),
(731, 'Zo9LjTw', '2024-03-01 20:01:01', '1'),
(732, 'HZHKnUM', '2024-03-01 20:03:39', '1'),
(733, 'Zo9LjTw', '2024-03-01 20:27:17', '1'),
(734, 'Zo9LjTw', '2024-03-01 20:32:00', '1'),
(735, 'uFUgLzI', '2024-03-01 21:43:31', '1'),
(736, 'uFUgLzI', '2024-03-01 21:43:52', '1'),
(737, 'Z8eNjL0', '2024-03-01 22:08:02', '1'),
(738, 'HZHKnUM', '2024-03-01 22:08:14', '1'),
(739, 'HZHKnUM', '2024-03-01 22:08:18', '1'),
(740, 'Z8eNjL0', '2024-03-01 22:09:09', '1'),
(741, 'HZHKnUM', '2024-03-01 22:17:02', '1'),
(742, 'Z8eNjL0', '2024-03-01 22:27:23', '1'),
(743, 'Z8eNjL0', '2024-03-01 22:40:53', '1'),
(744, 'Z8eNjL0', '2024-03-01 22:41:04', '1'),
(745, 'Z8eNjL0', '2024-03-01 22:41:14', '1'),
(746, 'FZTjKlb', '2024-03-01 22:43:49', '1'),
(747, 'FZTjKlb', '2024-03-01 22:44:19', '1'),
(748, 'FZTjKlb', '2024-03-01 22:45:37', '1'),
(749, 'EJKtrX4', '2024-03-01 22:46:43', '1'),
(750, 'EJKtrX4', '2024-03-01 22:48:06', '1'),
(751, 'yzHqNe8', '2024-03-01 22:48:53', '1'),
(752, 'qWiGsEv', '2024-03-01 22:51:15', '1'),
(753, '1a5m09y', '2024-03-01 22:53:55', '1'),
(754, 'Zo9LjTw', '2024-03-01 23:01:53', '1'),
(755, 'XVXUMO2', '2024-03-01 23:04:27', '1'),
(756, '0v8ZL4v', '2024-03-01 23:12:05', '1'),
(757, 'YZ6kZzA', '2024-03-02 00:47:57', '1'),
(758, 'XVXUMO2', '2024-03-02 10:50:31', '1'),
(759, 'ObUUTbC', '2024-03-02 16:08:56', '1'),
(760, 'kBAf176', '2024-03-02 16:12:04', '1'),
(761, 'BDhmoTf', '2024-03-02 16:14:10', '1'),
(762, 'TeMpHeh', '2024-03-02 16:29:23', '1'),
(763, 'TeMpHeh', '2024-03-02 17:02:08', '1'),
(764, 'TeMpHeh', '2024-03-02 17:02:18', '1'),
(765, 'TeMpHeh', '2024-03-02 17:03:36', '1'),
(766, 'TeMpHeh', '2024-03-02 17:13:13', '1'),
(767, 'qf398P0', '2024-03-02 17:15:01', '1'),
(768, 'qf398P0', '2024-03-02 17:36:49', '1'),
(769, 'qf398P0', '2024-03-02 17:37:22', '1'),
(770, 'rEUqoc0', '2024-03-02 17:39:01', '1'),
(771, 'rEUqoc0', '2024-03-02 17:39:10', '1'),
(772, 'p9ROrVy', '2024-03-02 17:56:47', '1'),
(773, 'p9ROrVy', '2024-03-02 17:57:15', '1'),
(774, 'XVXUMO2', '2024-03-02 19:01:07', '1'),
(775, 'rEUqoc0', '2024-03-02 20:24:56', '1'),
(776, 'sPq6hja', '2024-03-02 20:26:46', '1'),
(777, 'sPq6hja', '2024-03-02 20:26:55', '1'),
(778, 'sPq6hja', '2024-03-02 20:30:04', '1'),
(779, 'AxSritx', '2024-03-03 13:46:48', '1'),
(780, 'AxSritx', '2024-03-03 13:51:36', '1'),
(781, 'AxSritx', '2024-03-03 14:16:04', '1'),
(782, 'AxSritx', '2024-03-03 15:36:02', '1'),
(783, 'AxSritx', '2024-03-03 15:59:46', '1'),
(784, 'AxSritx', '2024-03-03 16:01:28', '1'),
(785, 'AxSritx', '2024-03-03 18:24:13', '1'),
(786, 'AxSritx', '2024-03-03 18:32:44', '1'),
(787, 'AxSritx', '2024-03-03 19:21:19', '1'),
(788, 'AxSritx', '2024-03-03 20:12:02', '1'),
(789, 'AxSritx', '2024-03-03 20:44:11', '1'),
(790, 'AxSritx', '2024-03-03 20:59:09', '1'),
(791, 'AxSritx', '2024-03-04 09:50:52', '1'),
(792, 'PVUCQlh', '2024-03-04 12:58:30', '1'),
(793, 'Iot7z4T', '2024-03-04 13:01:23', '1'),
(794, 'Iot7z4T', '2024-03-04 13:02:06', '1'),
(795, 'gtlpS7C', '2024-03-04 18:24:33', '1'),
(796, 'gtlpS7C', '2024-03-04 18:24:47', '1'),
(797, 'gtlpS7C', '2024-03-04 18:26:55', '1'),
(798, 'gtlpS7C', '2024-03-04 18:26:57', '1'),
(799, 'gtlpS7C', '2024-03-04 18:26:58', '1'),
(800, 'gtlpS7C', '2024-03-04 18:26:59', '1'),
(801, 'gtlpS7C', '2024-03-04 18:27:00', '1'),
(802, 'gtlpS7C', '2024-03-04 18:27:01', '1'),
(803, 'gtlpS7C', '2024-03-04 18:27:03', '1'),
(804, 'gtlpS7C', '2024-03-04 18:27:43', '1'),
(805, '5Ix76jN', '2024-03-04 18:30:22', '1'),
(806, 'gtlpS7C', '2024-03-04 18:31:42', '1'),
(807, 'gtlpS7C', '2024-03-04 18:48:38', '1'),
(808, 'gtlpS7C', '2024-03-04 18:49:31', '1'),
(809, 'gtlpS7C', '2024-03-04 18:59:32', '1'),
(810, 'gtlpS7C', '2024-03-04 18:59:34', '1'),
(811, 'gtlpS7C', '2024-03-04 18:59:40', '1'),
(812, 'gtlpS7C', '2024-03-04 18:59:49', '1'),
(813, 'gtlpS7C', '2024-03-04 19:00:20', '1'),
(814, '735dGDH', '2024-03-04 19:09:50', '1'),
(815, '735dGDH', '2024-03-04 19:10:53', '1'),
(816, 'JT1DzrF', '2024-03-04 19:14:41', '1'),
(817, 'Lmd2THG', '2024-03-04 19:18:19', '1'),
(818, 'Lmd2THG', '2024-03-04 19:23:27', '1'),
(819, '5Ix76jN', '2024-03-04 19:27:21', '1'),
(820, '5Ix76jN', '2024-03-04 19:27:23', '1'),
(821, 'Lmd2THG', '2024-03-04 19:29:35', '1'),
(822, 'gtlpS7C', '2024-03-04 19:32:38', '1'),
(823, 'PVUCQlh', '2024-03-04 20:09:36', '1'),
(824, 'gtlpS7C', '2024-03-04 20:20:24', '1'),
(825, 'PVUCQlh', '2024-03-04 20:48:55', '1'),
(826, 'PVUCQlh', '2024-03-04 21:09:55', '1'),
(827, 'Iot7z4T', '2024-03-04 21:17:11', '1'),
(828, 'JT1DzrF', '2024-03-04 22:11:43', '1'),
(829, 'TXymq5d', '2024-03-04 22:13:17', '1'),
(830, 'TXymq5d', '2024-03-04 22:15:24', '1'),
(831, 'BYhkQgK', '2024-03-04 22:30:13', '1'),
(832, 'x0uVDSK', '2024-03-04 22:37:05', '1'),
(833, 'x0uVDSK', '2024-03-04 22:49:02', '1'),
(834, 'x0uVDSK', '2024-03-04 22:49:26', '1'),
(835, 'x0uVDSK', '2024-03-04 22:50:10', '1'),
(836, 'x0uVDSK', '2024-03-04 22:50:27', '1'),
(837, 'x0uVDSK', '2024-03-04 22:50:39', '1'),
(838, 'oMGw7FO', '2024-03-04 22:55:43', '1'),
(839, 'oMGw7FO', '2024-03-04 22:55:57', '1'),
(840, 'TDqyKQa', '2024-03-04 23:52:54', '1'),
(841, 'TDqyKQa', '2024-03-04 23:54:13', '1'),
(842, 'TDqyKQa', '2024-03-04 23:55:11', '1'),
(843, 'TDqyKQa', '2024-03-04 23:55:28', '1'),
(844, '3JnljzV', '2024-03-05 10:13:29', '1'),
(845, '3JnljzV', '2024-03-05 10:14:22', '1'),
(846, '3JnljzV', '2024-03-05 10:15:25', '1'),
(847, '3JnljzV', '2024-03-05 10:15:55', '1'),
(848, '3JnljzV', '2024-03-05 10:16:25', '1'),
(849, 'pH0ECIz', '2024-03-05 14:33:27', '1'),
(850, 'pH0ECIz', '2024-03-05 17:01:26', '1'),
(851, 'HMRt53d', '2024-03-05 17:19:53', '1'),
(852, 'tFxZdiz', '2024-03-05 17:20:38', '1'),
(853, 'pH0ECIz', '2024-03-05 17:29:27', '1'),
(854, 'PVUCQlh', '2024-03-05 17:36:43', '1'),
(855, 'npuPxQG', '2024-03-05 18:28:51', '1'),
(856, '3JnljzV', '2024-03-05 18:32:18', '1'),
(857, '3JnljzV', '2024-03-05 18:33:14', '1'),
(858, '3JnljzV', '2024-03-05 18:33:37', '1'),
(859, 'PVUCQlh', '2024-03-05 19:51:54', '1'),
(860, 'Iot7z4T', '2024-03-05 20:12:37', '1'),
(861, 'pH0ECIz', '2024-03-05 20:28:16', '1'),
(862, 'wWesCQ6', '2024-03-05 21:04:45', '1'),
(863, 'wWesCQ6', '2024-03-05 21:05:13', '1'),
(864, 'wWesCQ6', '2024-03-05 21:05:48', '1'),
(865, '3JnljzV', '2024-03-06 00:25:33', '1'),
(866, '3JnljzV', '2024-03-06 00:29:05', '1'),
(867, '3JnljzV', '2024-03-06 00:29:14', '1'),
(868, 'wWesCQ6', '2024-03-06 13:09:42', '1'),
(869, 'emkibPs', '2024-03-06 14:00:07', '1'),
(870, 'emkibPs', '2024-03-06 14:09:17', '1'),
(871, 'wDNfz9y', '2024-03-06 15:26:17', '1'),
(872, 'emkibPs', '2024-03-06 16:31:35', '1'),
(873, 'pH0ECIz', '2024-03-06 16:37:13', '1'),
(874, 'wWesCQ6', '2024-03-06 17:32:53', '1'),
(875, 'wWesCQ6', '2024-03-06 19:31:16', '1'),
(876, 'pH0ECIz', '2024-03-06 20:00:38', '1'),
(877, 'npuPxQG', '2024-03-06 20:31:02', '1'),
(878, 'emkibPs', '2024-03-07 08:53:02', '1'),
(879, 'emkibPs', '2024-03-07 08:57:10', '1'),
(880, 'wWesCQ6', '2024-03-07 12:55:45', '1'),
(881, 'wWesCQ6', '2024-03-07 17:06:13', '1'),
(882, 'vPB8Wbn', '2024-03-07 18:16:46', '1'),
(883, 'vPB8Wbn', '2024-03-07 18:22:34', '1'),
(884, '9x5QxX4', '2024-03-07 18:32:04', '1'),
(885, 'vPB8Wbn', '2024-03-08 01:13:05', '1'),
(886, 'ALtythA', '2024-03-08 14:34:14', '1'),
(887, 'wWesCQ6', '2024-03-08 14:50:00', '1'),
(888, '2LmtAnR', '2024-03-08 15:13:06', '1'),
(889, 'wWesCQ6', '2024-03-08 15:39:51', '1'),
(890, 'wWesCQ6', '2024-03-08 16:57:27', '1'),
(891, 'vPB8Wbn', '2024-03-08 18:22:37', '1'),
(892, 'Bebxf1S', '2024-03-08 19:03:11', '1'),
(893, 'Axyvsjy', '2024-03-08 19:22:05', '1'),
(894, 'Axyvsjy', '2024-03-08 19:28:16', '1'),
(895, 'e4Cs2QW', '2024-03-08 19:52:03', '1'),
(896, 'e4Cs2QW', '2024-03-08 19:55:14', '1'),
(897, 'Axyvsjy', '2024-03-08 20:17:39', '1'),
(898, 'ALtythA', '2024-03-08 20:37:15', '1'),
(899, 'Axyvsjy', '2024-03-08 21:00:09', '1'),
(900, 'vPB8Wbn', '2024-03-08 22:09:27', '1'),
(901, 'e4Cs2QW', '2024-03-08 22:24:07', '1'),
(902, 'e4Cs2QW', '2024-03-08 22:24:15', '1'),
(903, 'e4Cs2QW', '2024-03-08 23:58:58', '1'),
(904, 'e4Cs2QW', '2024-03-09 00:01:15', '1'),
(905, 'e4Cs2QW', '2024-03-09 00:05:12', '1'),
(906, 's1DvkTu', '2024-03-09 01:04:33', '1'),
(907, 'GtBxDly', '2024-03-09 01:06:44', '1'),
(908, 'GtBxDly', '2024-03-09 01:07:22', '1'),
(909, 'GtBxDly', '2024-03-09 01:10:15', '1'),
(910, 'GtBxDly', '2024-03-09 01:11:14', '1'),
(911, 'GtBxDly', '2024-03-09 01:11:35', '1'),
(912, 'vj7zdwm', '2024-03-09 10:35:44', '1'),
(913, 'rOm4v65', '2024-03-09 10:44:04', '1'),
(914, 'PoJclsc', '2024-03-09 10:59:12', '1'),
(915, 'O4qxnUz', '2024-03-09 11:22:53', '1'),
(916, 'O4qxnUz', '2024-03-09 11:23:22', '1'),
(917, 'KT3rnkF', '2024-03-09 12:26:42', '1'),
(918, 'KT3rnkF', '2024-03-09 12:26:53', '1'),
(919, 'KT3rnkF', '2024-03-09 12:28:00', '1'),
(920, 'KT3rnkF', '2024-03-09 12:28:10', '1'),
(921, 'se8pQjv', '2024-03-09 12:41:39', '1'),
(922, 'Qo15yGT', '2024-03-09 12:46:52', '1'),
(923, 'IrmomYf', '2024-03-09 12:49:07', '1'),
(924, 'k2xGNos', '2024-03-09 13:27:14', '1'),
(925, 'NqvQstE', '2024-03-09 13:52:59', '1'),
(926, 'WKkln1q', '2024-03-09 14:00:57', '1'),
(927, '0En0mux', '2024-03-09 14:11:47', '1'),
(928, '0En0mux', '2024-03-09 14:11:59', '1'),
(929, 'd4Rfzdh', '2024-03-09 14:31:53', '1'),
(930, 'E0IDIPW', '2024-03-09 14:38:40', '1'),
(931, 'E0IDIPW', '2024-03-09 14:40:40', '1'),
(932, 'DZ5MQ2p', '2024-03-09 14:46:19', '1'),
(933, 'DZ5MQ2p', '2024-03-09 14:46:30', '1'),
(934, '15iibCV', '2024-03-09 14:48:53', '1'),
(935, 'F7NNNhd', '2024-03-09 15:00:44', '1'),
(936, 'F7NNNhd', '2024-03-09 15:00:58', '1'),
(937, 'F7NNNhd', '2024-03-09 15:16:18', '1'),
(938, 'F7NNNhd', '2024-03-09 15:16:38', '1'),
(939, 'F7NNNhd', '2024-03-09 15:16:57', '1'),
(940, 'F7NNNhd', '2024-03-09 15:17:09', '1'),
(941, 'F7NNNhd', '2024-03-09 15:17:26', '1'),
(942, 'F7NNNhd', '2024-03-09 15:19:31', '1'),
(943, 'F7NNNhd', '2024-03-09 15:19:46', '1'),
(944, 'F7NNNhd', '2024-03-09 15:34:11', '1'),
(945, 'F7NNNhd', '2024-03-09 15:35:06', '1'),
(946, '2LmtAnR', '2024-03-09 16:08:40', '1'),
(947, '8nah4tc', '2024-03-09 16:17:56', '1'),
(948, 'wWesCQ6', '2024-03-09 16:51:44', '1'),
(949, 'lAyPJ4w', '2024-03-09 17:00:57', '1'),
(950, 'lAyPJ4w', '2024-03-09 20:07:25', '1'),
(951, '8nah4tc', '2024-03-09 20:31:59', '1'),
(952, 'ALtythA', '2024-03-09 20:36:11', '1'),
(953, '2LmtAnR', '2024-03-09 20:53:50', '1'),
(954, 'wWesCQ6', '2024-03-09 21:07:02', '1'),
(955, 'wWesCQ6', '2024-03-10 16:56:50', '1'),
(956, 'lAyPJ4w', '2024-03-10 17:29:27', '1'),
(957, 'Ha3uayq', '2024-03-10 18:00:36', '1'),
(958, 'Ha3uayq', '2024-03-10 19:36:05', '1'),
(959, 'lAyPJ4w', '2024-03-10 20:27:36', '1'),
(960, 'lAyPJ4w', '2024-03-10 20:50:44', '1'),
(961, 'wWesCQ6', '2024-03-11 10:28:33', '1'),
(962, 'wWesCQ6', '2024-03-11 10:50:55', '1'),
(963, 'kmfGL1g', '2024-03-11 15:00:33', '1'),
(964, 'wWesCQ6', '2024-03-11 16:29:46', '1'),
(965, 'lAyPJ4w', '2024-03-11 16:53:09', '1'),
(966, 'lAyPJ4w', '2024-03-11 16:53:19', '1'),
(967, 'kmfGL1g', '2024-03-11 17:23:53', '1'),
(968, 'kmfGL1g', '2024-03-11 17:24:05', '1'),
(969, 'kmfGL1g', '2024-03-11 19:10:29', '1'),
(970, 'po28nQy', '2024-03-11 19:45:01', '1'),
(971, 'lAyPJ4w', '2024-03-11 21:29:46', '1'),
(972, 'po28nQy', '2024-03-12 09:00:19', '1'),
(973, 'hycWSPB', '2024-03-12 14:54:43', '1'),
(974, 'Sb6ighC', '2024-03-12 15:36:54', '1'),
(975, 'Sb6ighC', '2024-03-12 16:03:33', '1'),
(976, 'YClxne8', '2024-03-13 10:37:32', '1'),
(977, 'Sb6ighC', '2024-03-13 10:38:23', '1'),
(978, 'hycWSPB', '2024-03-13 10:39:33', '1'),
(979, 'iCxJUnI', '2024-03-13 10:42:42', '1'),
(980, 'Sb6ighC', '2024-03-13 14:54:51', '1'),
(981, 'WMbIrTl', '2024-03-13 16:06:38', '1'),
(982, 'WMbIrTl', '2024-03-13 20:14:39', '1'),
(983, 'Sb6ighC', '2024-03-13 22:18:37', '1'),
(984, 'WCWeq0W', '2024-03-14 15:10:52', '1'),
(985, 'WCWeq0W', '2024-03-14 15:10:54', '1'),
(986, 'S6iCozV', '2024-03-14 18:13:07', '1'),
(987, 'BhdODFO', '2024-03-14 18:58:45', '1'),
(988, 'glTgWla', '2024-03-14 19:16:18', '1'),
(989, 'WCWeq0W', '2024-03-14 21:15:03', '1'),
(990, 'vsdm6n7', '2024-03-14 21:22:18', '1'),
(991, 'glTgWla', '2024-03-15 12:27:13', '1'),
(992, 'glTgWla', '2024-03-15 17:56:56', '1'),
(993, 'glTgWla', '2024-03-16 18:11:55', '1'),
(994, '5wPhlqW', '2024-03-31 18:17:23', '1'),
(995, '5wPhlqW', '2024-03-31 18:27:51', '1'),
(996, '5wPhlqW', '2024-03-31 18:28:10', '1'),
(997, 't3mA5nO', '2024-04-02 13:34:12', '1'),
(998, 't3mA5nO', '2024-04-02 19:00:15', '1'),
(999, 'd3IJWfJ', '2024-04-03 15:40:11', '1'),
(1000, '80viypg', '2024-04-03 17:14:15', '1'),
(1001, '80viypg', '2024-04-03 20:03:15', '1'),
(1002, 'd3IJWfJ', '2024-04-03 21:19:26', '1'),
(1003, '0SWujgp', '2024-04-05 15:04:41', '1'),
(1004, '0SWujgp', '2024-04-05 15:30:20', '1'),
(1005, '0SWujgp', '2024-04-05 17:08:35', '1'),
(1006, 'yY1ATLM', '2024-04-05 21:11:08', '1'),
(1007, '0SWujgp', '2024-04-06 14:51:24', '1'),
(1008, 'zElh7dR', '2024-04-06 16:26:17', '1'),
(1009, 'zElh7dR', '2024-04-06 18:53:19', '1'),
(1010, 'zElh7dR', '2024-04-06 19:00:23', '1'),
(1011, '0520JUS', '2024-04-09 17:39:21', '1'),
(1012, '0520JUS', '2024-04-10 08:56:07', '1'),
(1013, 'mEPY3hh', '2024-04-10 13:59:00', '1'),
(1014, 'rBmgFNX', '2024-04-10 20:28:01', '1'),
(1015, 'bJ1NqeE', '2024-04-12 19:35:02', '1'),
(1016, 'UhlPcfm', '2024-04-12 20:47:01', '1'),
(1017, 'mADzyD3', '2024-04-12 23:11:50', '1'),
(1018, 'bJ1NqeE', '2024-04-13 12:38:13', '1'),
(1019, 'YgfPa2X', '2024-04-13 14:04:27', '1'),
(1020, 'YgfPa2X', '2024-04-13 17:56:43', '1'),
(1021, 'YgfPa2X', '2024-04-13 19:06:21', '1'),
(1022, 'YgfPa2X', '2024-04-13 19:40:24', '1'),
(1023, 'YgfPa2X', '2024-04-13 21:19:23', '1'),
(1024, 'YXPaDBs', '2024-04-14 22:08:46', '1'),
(1025, 'baC2LdV', '2024-04-16 16:32:48', '1'),
(1026, 'baC2LdV', '2024-04-16 16:35:30', '1'),
(1027, 'baC2LdV', '2024-04-16 16:35:53', '1'),
(1028, 'baC2LdV', '2024-04-16 17:16:02', '1'),
(1029, 'wDBERPu', '2024-04-16 18:04:22', '1'),
(1030, 'wDBERPu', '2024-04-16 19:01:27', '1'),
(1031, 'ewIBvvl', '2024-04-17 16:11:19', '1'),
(1032, 'ewIBvvl', '2024-04-17 19:12:52', '1'),
(1033, 'ewIBvvl', '2024-04-17 19:31:25', '1'),
(1034, 'ewIBvvl', '2024-04-17 21:08:44', '1'),
(1035, 'QDV8tRW', '2024-04-19 19:50:32', '1'),
(1036, 'BeTgDal', '2024-04-20 00:47:18', '1'),
(1037, 'BeTgDal', '2024-04-20 00:50:29', '1'),
(1038, 'BeTgDal', '2024-04-20 00:59:19', '1'),
(1039, 'BeTgDal', '2024-04-20 01:03:58', '1'),
(1040, 'BeTgDal', '2024-04-20 01:09:30', '1'),
(1041, 'BeTgDal', '2024-04-20 01:11:28', '1'),
(1042, 'BeTgDal', '2024-04-20 01:12:10', '1'),
(1043, 'BeTgDal', '2024-04-20 01:12:24', '1'),
(1044, '3vCbMts', '2024-04-20 12:09:02', '1'),
(1045, '3vCbMts', '2024-04-20 12:09:32', '1'),
(1046, 'bnfmSc0', '2024-04-20 14:05:47', '1'),
(1047, 'hjqnQBM', '2024-04-20 17:51:07', '1'),
(1048, 'tEewNhU', '2024-04-20 18:16:33', '1'),
(1049, 'hjqnQBM', '2024-04-20 18:48:42', '1'),
(1050, 'hjqnQBM', '2024-04-20 19:04:19', '1'),
(1051, 'tEewNhU', '2024-04-20 20:35:54', '1'),
(1052, 'tjxUY8M', '2024-04-20 21:30:30', '1'),
(1053, 'tjxUY8M', '2024-04-20 21:38:43', '1'),
(1054, 'mMfZ6nA', '2024-04-21 21:21:08', '1'),
(1055, 'mMfZ6nA', '2024-04-21 21:33:46', '1'),
(1056, 'IQNyQrN', '2024-04-22 16:44:18', '1'),
(1057, 'NvVEt76', '2024-04-22 19:09:07', '1'),
(1058, 'NvVEt76', '2024-04-22 19:09:33', '1'),
(1059, 'NvVEt76', '2024-04-22 20:48:01', '1'),
(1060, 'NvVEt76', '2024-04-23 08:16:28', '1'),
(1061, 'clC5VL8', '2024-04-23 18:52:20', '1'),
(1062, 'NvVEt76', '2024-04-23 19:44:00', '1'),
(1063, 'mMfZ6nA', '2024-04-23 20:30:15', '1'),
(1064, 'clC5VL8', '2024-04-23 22:07:22', '1'),
(1065, 'i7d6665', '2024-04-24 09:36:22', '1'),
(1066, 'i7d6665', '2024-04-24 17:08:29', '1'),
(1067, 'IG26j1Q', '2024-04-24 18:03:49', '1'),
(1068, 'IG26j1Q', '2024-04-24 18:19:43', '1'),
(1069, 'SdvSdxF', '2024-04-24 19:41:31', '1'),
(1070, '3PISOlf', '2024-04-24 20:38:10', '1'),
(1071, 'SdvSdxF', '2024-04-24 21:48:21', '1'),
(1072, 'Rz5EleS', '2024-04-25 14:50:19', '1'),
(1073, 'ZPHYA02', '2024-04-25 15:13:12', '1'),
(1074, '92hgcS9', '2024-04-25 17:15:17', '1'),
(1075, '92hgcS9', '2024-04-25 19:31:53', '1'),
(1076, 'HC67rjc', '2024-04-25 19:52:02', '1'),
(1077, 'ZPHYA02', '2024-04-25 20:01:30', '1'),
(1078, '92hgcS9', '2024-04-25 20:11:35', '1'),
(1079, 'Rz5EleS', '2024-04-25 20:36:28', '1'),
(1080, 'Rz5EleS', '2024-04-25 20:36:55', '1'),
(1081, 'mMfZ6nA', '2024-04-25 21:31:50', '1'),
(1082, 'MzfkhIh', '2024-04-26 14:45:30', '1'),
(1083, 'egBCZv5', '2024-04-26 14:55:14', '1'),
(1084, 'MzfkhIh', '2024-04-26 16:08:11', '1'),
(1085, 'egBCZv5', '2024-04-26 17:59:36', '1'),
(1086, 'egBCZv5', '2024-04-26 18:36:44', '1'),
(1087, 'tBkj20C', '2024-04-26 19:31:08', '1'),
(1088, 'JGXUx4B', '2024-04-26 20:08:34', '1'),
(1089, 'JGXUx4B', '2024-04-26 20:08:59', '1'),
(1090, 'JGXUx4B', '2024-04-26 20:16:46', '1'),
(1091, 'mMfZ6nA', '2024-04-26 21:09:43', '1'),
(1092, 'tBkj20C', '2024-04-27 02:28:50', '1'),
(1093, 'MzfkhIh', '2024-04-27 07:04:14', '1'),
(1094, 'JGXUx4B', '2024-04-27 10:02:57', '1'),
(1095, 'JGXUx4B', '2024-04-27 10:06:43', '1'),
(1096, 'JGXUx4B', '2024-04-27 10:07:13', '1'),
(1097, 'JGXUx4B', '2024-04-27 10:08:12', '1'),
(1098, 'JGXUx4B', '2024-04-27 10:08:39', '1'),
(1099, '9snW9t5', '2024-04-27 14:24:28', '1'),
(1100, '9snW9t5', '2024-04-27 14:24:37', '1'),
(1101, '9snW9t5', '2024-04-27 14:24:54', '1'),
(1102, '9snW9t5', '2024-04-27 14:24:58', '1'),
(1103, '9snW9t5', '2024-04-27 14:25:28', '1'),
(1104, '9snW9t5', '2024-04-27 14:26:28', '1'),
(1105, '9snW9t5', '2024-04-27 14:26:41', '1'),
(1106, 'cIAuFbF', '2024-04-27 18:27:05', '1'),
(1107, 'cIAuFbF', '2024-04-27 20:01:46', '1'),
(1108, 'xGWlAf1', '2024-04-27 20:22:19', '1'),
(1109, 'JGXUx4B', '2024-04-27 21:15:14', '1'),
(1110, 'cIAuFbF', '2024-04-27 22:02:39', '1'),
(1111, 'xGWlAf1', '2024-04-27 22:14:17', '1'),
(1112, 'xGWlAf1', '2024-04-28 09:43:31', '1'),
(1113, 'qGG6xO9', '2024-04-30 14:33:13', '1'),
(1114, 'qGG6xO9', '2024-04-30 18:39:17', '1'),
(1115, 'qGG6xO9', '2024-04-30 19:45:08', '1'),
(1116, 'cBcSL4w', '2024-05-02 10:21:34', '1'),
(1117, 'cBcSL4w', '2024-05-02 19:09:43', '1'),
(1118, 'cBcSL4w', '2024-05-02 19:57:44', '1'),
(1119, 'JhoyPiF', '2024-05-02 22:09:31', '1'),
(1120, '2TGrdIU', '2024-05-02 22:15:27', '1'),
(1121, '2TGrdIU', '2024-05-02 22:19:30', '1'),
(1122, 'Qx3laAW', '2024-05-02 23:27:11', '1'),
(1123, 'Qx3laAW', '2024-05-02 23:27:27', '1'),
(1124, 'i6G6ZtT', '2024-05-02 23:30:03', '1'),
(1125, 'vF08cjx', '2024-05-02 23:40:52', '1'),
(1126, 'cAZYfWl', '2024-05-02 23:47:29', '1'),
(1127, 'qneVFRd', '2024-05-03 00:10:15', '1'),
(1128, 'JhoyPiF', '2024-05-03 00:11:20', '1'),
(1129, 'fYMIzIf', '2024-05-03 00:13:38', '1'),
(1130, 'fYMIzIf', '2024-05-03 00:15:02', '1'),
(1131, 'fYMIzIf', '2024-05-03 00:15:33', '1'),
(1132, 'SN3A13z', '2024-05-03 00:25:12', '1'),
(1133, '6bQO3VN', '2024-05-03 00:27:04', '1'),
(1134, '3qAq5k7', '2024-05-03 10:11:25', '1'),
(1135, '3qAq5k7', '2024-05-03 10:13:37', '1'),
(1136, 'cAZYfWl', '2024-05-03 11:27:08', '1'),
(1137, 'cAZYfWl', '2024-05-03 12:15:26', '1'),
(1138, 'cAZYfWl', '2024-05-03 12:19:52', '1'),
(1139, 'cAZYfWl', '2024-05-03 12:20:24', '1'),
(1140, 'cAZYfWl', '2024-05-03 12:20:46', '1'),
(1141, 'cAZYfWl', '2024-05-03 12:38:56', '1'),
(1142, 'cAZYfWl', '2024-05-03 12:42:32', '1'),
(1143, 'cAZYfWl', '2024-05-03 12:56:43', '1'),
(1144, 'cAZYfWl', '2024-05-03 12:57:14', '1'),
(1145, 'cAZYfWl', '2024-05-03 12:58:03', '1'),
(1146, 'cAZYfWl', '2024-05-03 12:58:42', '1'),
(1147, 'cAZYfWl', '2024-05-03 13:25:20', '1'),
(1148, '3fjzZFb', '2024-05-03 13:47:04', '1'),
(1149, 'j8wgmK4', '2024-05-03 14:00:36', '1'),
(1150, 'j8wgmK4', '2024-05-03 14:01:54', '1'),
(1151, 'j8wgmK4', '2024-05-03 14:09:29', '1'),
(1152, 'j8wgmK4', '2024-05-03 14:11:54', '1'),
(1153, 'BoOOKZq', '2024-05-03 14:12:31', '1'),
(1154, 'BoOOKZq', '2024-05-03 14:33:53', '1'),
(1155, 'cAZYfWl', '2024-05-03 16:17:10', '1'),
(1156, 'j8wgmK4', '2024-05-03 17:07:48', '1'),
(1157, 'j8wgmK4', '2024-05-03 17:07:59', '1'),
(1158, 'j8wgmK4', '2024-05-03 17:17:10', '1'),
(1159, 'OlWrHaY', '2024-05-03 17:34:18', '1'),
(1160, 'cAZYfWl', '2024-05-03 17:35:58', '1'),
(1161, 'j8wgmK4', '2024-05-03 18:28:27', '1'),
(1162, '3qAq5k7', '2024-05-03 20:11:04', '1'),
(1163, '3qAq5k7', '2024-05-03 20:11:15', '1'),
(1164, '3qAq5k7', '2024-05-03 20:11:40', '1'),
(1165, '3qAq5k7', '2024-05-03 20:11:52', '1'),
(1166, '3qAq5k7', '2024-05-03 20:13:49', '1'),
(1167, '3qAq5k7', '2024-05-03 20:13:59', '1'),
(1168, '3qAq5k7', '2024-05-03 20:14:13', '1'),
(1169, '3qAq5k7', '2024-05-03 20:14:23', '1'),
(1170, '3qAq5k7', '2024-05-03 20:18:36', '1'),
(1171, '3qAq5k7', '2024-05-03 20:18:54', '1'),
(1172, 'cAZYfWl', '2024-05-04 10:29:35', '1'),
(1173, 'cAZYfWl', '2024-05-04 12:06:09', '1'),
(1174, 'cAZYfWl', '2024-05-05 16:38:36', '1'),
(1175, 'XbWTELS', '2024-05-06 15:42:51', '1'),
(1176, 'XbWTELS', '2024-05-06 15:43:54', '1'),
(1177, 'XbWTELS', '2024-05-06 18:50:49', '1'),
(1178, 'j9qG8HQ', '2024-05-07 16:10:34', '1'),
(1179, 'j9qG8HQ', '2024-05-07 16:10:49', '1'),
(1180, 'j9qG8HQ', '2024-05-07 16:53:03', '1'),
(1181, '57lI4f4', '2024-05-08 17:38:50', '1'),
(1182, '57lI4f4', '2024-05-08 17:39:48', '1'),
(1183, 'IX8gs4U', '2024-05-08 17:47:30', '1'),
(1184, 'X4xt3Yx', '2024-05-09 16:35:16', '1'),
(1185, '8GcWygr', '2024-05-09 16:44:03', '1'),
(1186, 'X4xt3Yx', '2024-05-09 18:10:23', '1'),
(1187, '8GcWygr', '2024-05-09 19:07:11', '1'),
(1188, '8U9wuON', '2024-05-10 16:54:15', '1'),
(1189, '8U9wuON', '2024-05-10 17:03:59', '1'),
(1190, '8U9wuON', '2024-05-10 19:04:12', '1'),
(1191, 'qwyDo6e', '2024-05-11 16:50:33', '1'),
(1192, 'aJrfND5', '2024-05-11 21:52:49', '1'),
(1193, 'ogEPFKx', '2024-05-12 18:08:46', '1'),
(1194, 'ogEPFKx', '2024-05-12 18:27:55', '1'),
(1195, '6bQO3VN', '2024-05-12 22:15:53', '1'),
(1196, 'sbJqo2O', '2024-05-13 11:22:12', '1'),
(1197, 'sbJqo2O', '2024-05-13 11:22:54', '1'),
(1198, 'sbJqo2O', '2024-05-13 11:23:38', '1'),
(1199, 'sbJqo2O', '2024-05-13 11:26:16', '1'),
(1200, 'orEvOAP', '2024-05-13 11:27:47', '1'),
(1201, 'orEvOAP', '2024-05-13 11:28:45', '1'),
(1202, 'orEvOAP', '2024-05-13 11:30:14', '1'),
(1203, 'g4O5JqW', '2024-05-13 11:41:42', '1'),
(1204, 'sbJqo2O', '2024-05-13 12:16:33', '1'),
(1205, 'orEvOAP', '2024-05-13 12:18:30', '1'),
(1206, '9bEe2sq', '2024-05-13 12:19:14', '1');
INSERT INTO `codescanlogs` (`id`, `code`, `scandatetime`, `isfoundvalid`) VALUES
(1207, 'sbJqo2O', '2024-05-13 15:08:12', '1'),
(1208, 'orEvOAP', '2024-05-13 15:09:52', '1'),
(1209, '9bEe2sq', '2024-05-13 15:11:40', '1'),
(1210, 'gxgR1eh', '2024-05-13 15:16:04', '1'),
(1211, '6bQO3VN', '2024-05-13 15:16:39', '1'),
(1212, '9bEe2sq', '2024-05-13 15:39:43', '1'),
(1213, '9bEe2sq', '2024-05-13 16:01:42', '1'),
(1214, 'EN0EmVA', '2024-05-13 16:02:14', '1'),
(1215, 'orEvOAP', '2024-05-13 16:02:56', '1'),
(1216, '6bQO3VN', '2024-05-13 16:04:22', '1'),
(1217, '6bQO3VN', '2024-05-13 16:17:19', '1'),
(1218, '6bQO3VN', '2024-05-13 16:18:14', '1'),
(1219, '6bQO3VN', '2024-05-13 16:18:47', '1'),
(1220, '6bQO3VN', '2024-05-13 16:19:38', '1'),
(1221, 'sbJqo2O', '2024-05-13 16:21:49', '1'),
(1222, 'sbJqo2O', '2024-05-13 16:22:10', '1'),
(1223, 'orEvOAP', '2024-05-13 16:23:12', '1'),
(1224, '9bEe2sq', '2024-05-13 16:23:50', '1'),
(1225, 'EN0EmVA', '2024-05-13 16:24:26', '1'),
(1226, '6bQO3VN', '2024-05-13 16:25:47', '1'),
(1227, 'sbJqo2O', '2024-05-13 16:26:17', '1'),
(1228, 'orEvOAP', '2024-05-13 16:28:10', '1'),
(1229, '6bQO3VN', '2024-05-13 16:29:39', '1'),
(1230, 'sbJqo2O', '2024-05-13 17:56:44', '1'),
(1231, 'sbJqo2O', '2024-05-13 17:56:58', '1'),
(1232, 'orEvOAP', '2024-05-13 19:46:41', '1'),
(1233, 'VOFEp1J', '2024-05-13 22:59:15', '1'),
(1234, 'sbJqo2O', '2024-05-14 09:09:19', '1'),
(1235, '9bEe2sq', '2024-05-14 09:14:51', '1'),
(1236, 'EN0EmVA', '2024-05-14 09:17:00', '1'),
(1237, 'orEvOAP', '2024-05-14 09:23:41', '1'),
(1238, 'sbJqo2O', '2024-05-14 09:27:30', '1'),
(1239, 'orEvOAP', '2024-05-14 09:29:17', '1'),
(1240, '9bEe2sq', '2024-05-14 09:31:01', '1'),
(1241, 'EN0EmVA', '2024-05-14 09:33:26', '1'),
(1242, '6bQO3VN', '2024-05-14 14:34:41', '1'),
(1243, 'WVW8WQ6', '2024-05-14 18:46:22', '1'),
(1244, 'cvWs1mN', '2024-05-14 18:47:35', '1'),
(1245, 'cFRz6DB', '2024-05-14 18:48:46', '1'),
(1246, 'HDU7tC0', '2024-05-14 18:49:53', '1'),
(1247, '6bQO3VN', '2024-05-14 18:51:22', '1'),
(1248, 'HDU7tC0', '2024-05-14 18:54:31', '1'),
(1249, 'cFRz6DB', '2024-05-14 19:03:05', '1'),
(1250, 'HDU7tC0', '2024-05-14 19:05:10', '1'),
(1251, 'WVW8WQ6', '2024-05-14 19:06:56', '1'),
(1252, 'cvWs1mN', '2024-05-14 19:08:46', '1'),
(1253, 'cvWs1mN', '2024-05-14 19:11:27', '1'),
(1254, 'cFRz6DB', '2024-05-14 19:12:13', '1'),
(1255, '6bQO3VN', '2024-05-14 19:14:04', '1'),
(1256, 'WVW8WQ6', '2024-05-14 20:18:42', '1'),
(1257, 'HXpcw2t', '2024-05-14 20:24:35', '1'),
(1258, 'HXpcw2t', '2024-05-14 20:25:41', '1'),
(1259, 'HXpcw2t', '2024-05-14 20:29:22', '1'),
(1260, 'HXpcw2t', '2024-05-14 20:33:06', '1'),
(1261, 'HXpcw2t', '2024-05-14 20:36:54', '1'),
(1262, 'HXpcw2t', '2024-05-14 22:04:29', '1'),
(1263, 'HXpcw2t', '2024-05-14 22:05:03', '1'),
(1264, 'HXpcw2t', '2024-05-14 22:09:12', '1'),
(1265, 'HXpcw2t', '2024-05-14 22:09:27', '1'),
(1266, 'HXpcw2t', '2024-05-14 22:09:38', '1'),
(1267, 'HXpcw2t', '2024-05-14 22:09:55', '1'),
(1268, 'HXpcw2t', '2024-05-14 22:10:11', '1'),
(1269, 'HXpcw2t', '2024-05-14 22:10:44', '1'),
(1270, 'HXpcw2t', '2024-05-14 22:11:10', '1'),
(1271, 'HXpcw2t', '2024-05-14 22:12:31', '1'),
(1272, 'HXpcw2t', '2024-05-14 22:12:54', '1'),
(1273, 'HXpcw2t', '2024-05-14 22:12:57', '1'),
(1274, 'HXpcw2t', '2024-05-14 22:28:42', '1'),
(1275, 'HXpcw2t', '2024-05-14 22:40:17', '1'),
(1276, 'HXpcw2t', '2024-05-14 22:40:39', '1'),
(1277, 'HXpcw2t', '2024-05-14 22:41:09', '1'),
(1278, 'HXpcw2t', '2024-05-14 22:41:12', '1'),
(1279, 'HXpcw2t', '2024-05-14 22:41:16', '1'),
(1280, 'HDU7tC0', '2024-05-14 23:08:27', '1'),
(1281, '9ZJ9P8f', '2024-05-14 23:11:40', '1'),
(1282, '18V7k3M', '2024-05-14 23:11:55', '1'),
(1283, 'Egip4gX', '2024-05-14 23:12:04', '1'),
(1284, 'Mz6whzk', '2024-05-14 23:12:21', '1'),
(1285, '9ZJ9P8f', '2024-05-14 23:12:38', '1'),
(1286, '18V7k3M', '2024-05-14 23:12:46', '1'),
(1287, '18V7k3M', '2024-05-14 23:12:58', '1'),
(1288, 'Egip4gX', '2024-05-14 23:13:07', '1'),
(1289, 'Mz6whzk', '2024-05-14 23:13:18', '1'),
(1290, 'Mz6whzk', '2024-05-14 23:13:48', '1'),
(1291, 'Mz6whzk', '2024-05-14 23:14:01', '1'),
(1292, 'Egip4gX', '2024-05-14 23:14:10', '1'),
(1293, '18V7k3M', '2024-05-14 23:14:15', '1'),
(1294, '9ZJ9P8f', '2024-05-14 23:14:20', '1'),
(1295, '18V7k3M', '2024-05-14 23:14:26', '1'),
(1296, 'Egip4gX', '2024-05-14 23:14:31', '1'),
(1297, 'Mz6whzk', '2024-05-14 23:14:37', '1'),
(1298, 'Mz6whzk', '2024-05-14 23:47:37', '1'),
(1299, 'Egip4gX', '2024-05-14 23:47:42', '1'),
(1300, '18V7k3M', '2024-05-14 23:47:47', '1'),
(1301, '9ZJ9P8f', '2024-05-14 23:47:53', '1'),
(1302, '9ZJ9P8f', '2024-05-14 23:48:38', '1'),
(1303, '18V7k3M', '2024-05-14 23:48:43', '1'),
(1304, 'Egip4gX', '2024-05-14 23:48:48', '1'),
(1305, 'Mz6whzk', '2024-05-14 23:48:52', '1'),
(1306, 'Egip4gX', '2024-05-14 23:48:56', '1'),
(1307, '18V7k3M', '2024-05-14 23:49:03', '1'),
(1308, '9ZJ9P8f', '2024-05-14 23:49:06', '1'),
(1309, '18V7k3M', '2024-05-14 23:49:15', '1'),
(1310, 'Egip4gX', '2024-05-14 23:49:23', '1'),
(1311, 'Mz6whzk', '2024-05-14 23:49:28', '1'),
(1312, 'nC77rDV', '2024-05-15 09:34:49', '1'),
(1313, 'nC77rDV', '2024-05-15 09:57:24', '1'),
(1314, '6bQO3VN', '2024-05-15 17:05:29', '1'),
(1315, '6bQO3VN', '2024-05-16 08:42:36', '1'),
(1316, '1rvIqtv', '2024-05-16 08:43:56', '1'),
(1317, 'jQwUJXN', '2024-05-16 08:46:23', '1'),
(1318, 'FIRj2X7', '2024-05-16 08:49:28', '1'),
(1319, 'j9qG8HQ', '2024-05-16 08:50:58', '1'),
(1320, '6bQO3VN', '2024-05-16 08:51:24', '1'),
(1321, '1rvIqtv', '2024-05-16 08:51:32', '1'),
(1322, 'hCem5SL', '2024-05-16 08:51:40', '1'),
(1323, 'jQwUJXN', '2024-05-16 08:51:48', '1'),
(1324, 'FIRj2X7', '2024-05-16 08:51:57', '1'),
(1325, 'j9qG8HQ', '2024-05-16 08:52:13', '1'),
(1326, 'j9qG8HQ', '2024-05-16 08:52:38', '1'),
(1327, '6bQO3VN', '2024-05-16 08:52:50', '1'),
(1328, '1rvIqtv', '2024-05-16 08:53:01', '1'),
(1329, 'hCem5SL', '2024-05-16 08:53:12', '1'),
(1330, '6bQO3VN', '2024-05-16 09:10:29', '1'),
(1331, 'QGRYynz', '2024-05-16 09:12:29', '1'),
(1332, 'hCem5SL', '2024-05-16 09:12:51', '1'),
(1333, 'jQwUJXN', '2024-05-16 09:14:00', '1'),
(1334, 'FIRj2X7', '2024-05-16 09:14:20', '1'),
(1335, 'j9qG8HQ', '2024-05-16 09:14:44', '1'),
(1336, '6bQO3VN', '2024-05-16 09:19:00', '1'),
(1337, '6bQO3VN', '2024-05-16 09:33:34', '1'),
(1338, 'Mz6whzk', '2024-05-16 09:40:57', '1'),
(1339, 'Egip4gX', '2024-05-16 09:41:05', '1'),
(1340, '18V7k3M', '2024-05-16 09:41:13', '1'),
(1341, '9ZJ9P8f', '2024-05-16 09:41:18', '1'),
(1342, '18V7k3M', '2024-05-16 09:41:25', '1'),
(1343, 'Egip4gX', '2024-05-16 09:41:30', '1'),
(1344, 'Mz6whzk', '2024-05-16 09:41:36', '1'),
(1345, 'Mz6whzk', '2024-05-16 09:42:01', '1'),
(1346, 'Mz6whzk', '2024-05-16 09:42:24', '1'),
(1347, 'Egip4gX', '2024-05-16 09:42:27', '1'),
(1348, '18V7k3M', '2024-05-16 09:42:33', '1'),
(1349, '9ZJ9P8f', '2024-05-16 09:42:40', '1'),
(1350, 'QGRYynz', '2024-05-16 10:30:19', '1'),
(1351, 'QGRYynz', '2024-05-16 11:15:08', '1'),
(1352, 'QuIt94h', '2024-05-16 15:00:32', '1'),
(1353, 'QuIt94h', '2024-05-16 15:01:06', '1'),
(1354, '6bQO3VN', '2024-05-16 15:14:34', '1'),
(1355, '6bQO3VN', '2024-05-16 18:18:43', '1'),
(1356, 'QuIt94h', '2024-05-17 10:12:56', '1'),
(1357, '6bQO3VN', '2024-05-17 12:54:20', '1'),
(1358, 'QuIt94h', '2024-05-17 13:36:20', '1'),
(1359, '6bQO3VN', '2024-05-18 09:43:53', '1'),
(1360, 'QuIt94h', '2024-05-18 14:03:48', '1'),
(1361, 'QuIt94h', '2024-05-18 14:04:30', '1'),
(1362, 'QuIt94h', '2024-05-19 16:40:49', '1'),
(1363, 'pReQPRn', '2024-05-20 15:59:11', '1'),
(1364, 'pReQPRn', '2024-05-20 16:44:32', '1'),
(1365, 'pReQPRn', '2024-05-20 16:45:22', '1'),
(1366, 'pReQPRn', '2024-05-20 16:49:51', '1'),
(1367, 'pReQPRn', '2024-05-20 17:45:44', '1'),
(1368, 'pReQPRn', '2024-05-20 21:17:25', '1'),
(1369, 'hz8q3u3', '2024-05-20 22:09:17', '1'),
(1370, 'hz8q3u3', '2024-05-20 22:09:35', '1'),
(1371, 'hz8q3u3', '2024-05-20 22:09:49', '1'),
(1372, 'hz8q3u3', '2024-05-20 22:10:17', '1'),
(1373, 'hz8q3u3', '2024-05-20 22:10:36', '1'),
(1374, 'hz8q3u3', '2024-05-20 22:10:43', '1'),
(1375, 'hz8q3u3', '2024-05-20 22:10:56', '1'),
(1376, 'hz8q3u3', '2024-05-20 22:11:04', '1'),
(1377, 'hz8q3u3', '2024-05-20 22:11:08', '1'),
(1378, 'hz8q3u3', '2024-05-20 22:15:43', '1'),
(1379, 'hz8q3u3', '2024-05-20 22:16:58', '1'),
(1380, 'hz8q3u3', '2024-05-20 22:17:40', '1'),
(1381, 'hz8q3u3', '2024-05-20 22:17:48', '1'),
(1382, 'hz8q3u3', '2024-05-20 22:18:51', '1'),
(1383, 'hz8q3u3', '2024-05-20 22:19:18', '1'),
(1384, 'hz8q3u3', '2024-05-20 22:19:27', '1'),
(1385, 'hz8q3u3', '2024-05-20 22:19:55', '1'),
(1386, 'hz8q3u3', '2024-05-20 22:20:11', '1'),
(1387, 'hz8q3u3', '2024-05-20 22:22:29', '1'),
(1388, 'hz8q3u3', '2024-05-20 22:22:40', '1'),
(1389, 'hz8q3u3', '2024-05-20 22:24:50', '1'),
(1390, 'hz8q3u3', '2024-05-20 22:27:05', '1'),
(1391, 'hz8q3u3', '2024-05-20 22:31:37', '1'),
(1392, 'hz8q3u3', '2024-05-20 22:31:49', '1'),
(1393, 'hz8q3u3', '2024-05-20 22:32:36', '1'),
(1394, 'hz8q3u3', '2024-05-20 22:32:40', '1'),
(1395, 'hz8q3u3', '2024-05-20 22:32:46', '1'),
(1396, 'hz8q3u3', '2024-05-20 22:33:32', '1'),
(1397, 'pReQPRn', '2024-05-20 22:57:10', '1'),
(1398, 'pReQPRn', '2024-05-20 22:57:27', '1'),
(1399, 'pReQPRn', '2024-05-20 22:58:48', '1'),
(1400, 'pReQPRn', '2024-05-20 23:00:21', '1'),
(1401, 'pReQPRn', '2024-05-20 23:02:10', '1'),
(1402, 'pReQPRn', '2024-05-20 23:02:56', '1'),
(1403, 'pReQPRn', '2024-05-20 23:03:40', '1'),
(1404, 'pReQPRn', '2024-05-20 23:08:09', '1'),
(1405, 'pReQPRn', '2024-05-20 23:20:04', '1'),
(1406, 'pReQPRn', '2024-05-20 23:53:12', '1'),
(1407, 'pReQPRn', '2024-05-20 23:53:12', '1'),
(1408, 'pReQPRn', '2024-05-20 23:54:49', '1'),
(1409, 'pReQPRn', '2024-05-20 23:56:39', '1'),
(1410, 'hz8q3u3', '2024-05-21 00:33:28', '1'),
(1411, 'hz8q3u3', '2024-05-21 00:34:00', '1'),
(1412, 'hz8q3u3', '2024-05-21 00:34:15', '1'),
(1413, 'hz8q3u3', '2024-05-21 00:35:07', '1'),
(1414, 'hz8q3u3', '2024-05-21 00:35:48', '1'),
(1415, 'pReQPRn', '2024-05-21 05:30:02', '1'),
(1416, 'QuIt94h', '2024-05-21 13:46:06', '1'),
(1417, 'pReQPRn', '2024-05-21 16:47:45', '1'),
(1418, 'ocfEzKG', '2024-05-21 18:43:54', '1'),
(1419, 'ocfEzKG', '2024-05-21 18:46:30', '1'),
(1420, 'ocfEzKG', '2024-05-21 19:04:22', '1'),
(1421, 'ocfEzKG', '2024-05-21 19:07:59', '1'),
(1422, 'ocfEzKG', '2024-05-21 19:08:40', '1'),
(1423, 'ocfEzKG', '2024-05-21 19:32:36', '1'),
(1424, 'jZgL32C', '2024-05-22 15:21:35', '1'),
(1425, 'QuIt94h', '2024-05-22 16:05:09', '1'),
(1426, 'QonEMuG', '2024-05-22 19:17:43', '1'),
(1427, 'FCU6ACRT', '2024-05-22 23:37:22', '1'),
(1428, '3DGJ6EDJ', '2024-05-22 23:40:47', '1'),
(1429, 'BSR2XTRR', '2024-05-22 23:53:49', '1'),
(1430, 'BSR2XTRR', '2024-05-22 23:54:12', '1'),
(1431, 'BSR2XTRR', '2024-05-23 00:01:38', '1'),
(1432, 'SDWUN', '2024-05-23 00:26:04', '1'),
(1433, 'SDWUN', '2024-05-23 08:07:30', '1'),
(1434, 'SDWUN', '2024-05-23 10:06:13', '1'),
(1435, 'QuIt94h', '2024-05-23 14:20:02', '1'),
(1436, 'SDWUN', '2024-05-23 16:24:44', '1'),
(1437, 'FBUSY', '2024-05-23 19:25:19', '1'),
(1438, 'E5QSP', '2024-05-23 19:59:00', '1'),
(1439, 'E5QSP', '2024-05-23 20:00:49', '1'),
(1440, 'AAK9Q', '2024-05-24 12:13:11', '1'),
(1441, 'AAK9Q', '2024-05-24 12:40:18', '1'),
(1442, 'VN94H', '2024-05-24 16:04:23', '1'),
(1443, 'VN94H', '2024-05-24 16:04:38', '1'),
(1444, 'VN94H', '2024-05-24 16:05:06', '1'),
(1445, 'K4U93', '2024-05-24 16:18:39', '1'),
(1446, 'VN94H', '2024-05-24 17:26:57', '1'),
(1447, 'VN94H', '2024-05-24 17:27:30', '1'),
(1448, 'AAK9Q', '2024-05-24 18:43:32', '1'),
(1449, 'AAK9Q', '2024-05-24 18:44:29', '1'),
(1450, 'K4U93', '2024-05-24 19:15:56', '1'),
(1451, '7XQ7U', '2024-05-24 22:03:45', '1'),
(1452, 'SDWUN', '2024-05-24 22:03:51', '1'),
(1453, 'K4U93', '2024-05-24 22:16:55', '1'),
(1454, 'AAK9Q', '2024-05-25 11:32:31', '1'),
(1455, 'AAK9Q', '2024-05-25 13:49:49', '1'),
(1456, 'AAK9Q', '2024-05-25 13:50:27', '1'),
(1457, 'AAK9Q', '2024-05-25 13:50:48', '1'),
(1458, '8H2CK', '2024-05-25 16:39:08', '1'),
(1459, 'K4U93', '2024-05-25 18:36:23', '1'),
(1460, 'XFJWB', '2024-05-25 18:36:46', '1'),
(1461, 'XFJWB', '2024-05-25 18:36:53', '1'),
(1462, 'XFJWB', '2024-05-25 18:42:02', '1'),
(1463, '8H2CK', '2024-05-25 19:11:30', '1'),
(1464, '8H2CK', '2024-05-25 19:14:24', '1'),
(1465, 'K4U93', '2024-05-26 09:20:01', '1'),
(1466, 'K4U93', '2024-05-26 09:27:49', '1'),
(1467, 'AAK9Q', '2024-05-26 12:41:44', '1'),
(1468, 'E5QSP', '2024-05-26 17:44:33', '1'),
(1469, 'E5QSP', '2024-05-26 17:48:10', '1'),
(1470, 'E5QSP', '2024-05-26 17:54:21', '1'),
(1471, 'K4U93', '2024-05-26 17:55:24', '1'),
(1472, 'E5QSP', '2024-05-26 17:55:24', '1'),
(1473, 'E5QSP', '2024-05-26 17:56:09', '1'),
(1474, 'K4U93', '2024-05-26 19:23:13', '1'),
(1475, 'E5QSP', '2024-05-26 19:48:33', '1'),
(1476, 'E5QSP', '2024-05-26 19:49:41', '1'),
(1477, 'K4U93', '2024-05-27 08:48:04', '1'),
(1478, 'AAK9Q', '2024-05-27 17:33:46', '1'),
(1479, 'AAK9Q', '2024-05-28 13:32:04', '1'),
(1480, 'AAK9Q', '2024-05-28 13:33:31', '1'),
(1481, 'AAK9Q', '2024-05-28 13:33:53', '1'),
(1482, 'AAK9Q', '2024-05-28 14:45:21', '1'),
(1483, 'KXQQZ', '2024-05-28 15:04:20', '1'),
(1484, 'AAK9Q', '2024-05-29 15:13:17', '1'),
(1485, 'BTAEY', '2024-05-29 18:13:29', '1'),
(1486, 'BTAEY', '2024-05-29 18:28:29', '1'),
(1487, 'BTAEY', '2024-05-29 19:03:13', '1'),
(1488, 'YXKGJ', '2024-05-29 19:15:52', '1'),
(1489, 'YXKGJ', '2024-05-29 19:21:01', '1'),
(1490, 'MFBE5', '2024-05-29 23:30:30', '1'),
(1491, 'MFBE5', '2024-05-29 23:31:48', '1'),
(1492, '3TFHQ', '2024-05-29 23:36:13', '1'),
(1493, 'KR55U', '2024-05-29 23:39:12', '1'),
(1494, 'KR55U', '2024-05-29 23:41:03', '1'),
(1495, '5YNDK', '2024-05-30 00:00:29', '1'),
(1496, 'KR55U', '2024-05-30 00:14:06', '1'),
(1497, '5YNDK', '2024-05-30 00:15:40', '1'),
(1498, 'KR55U', '2024-05-30 00:16:43', '1'),
(1499, '5YNDK', '2024-05-30 00:29:38', '1'),
(1500, 'KR55U', '2024-05-30 00:35:23', '1'),
(1501, 'FRR3K', '2024-05-30 00:38:00', '1'),
(1502, 'FRR3K', '2024-05-30 00:38:45', '1'),
(1503, 'FRR3K', '2024-05-30 00:39:58', '1'),
(1504, 'E5QSP', '2024-05-30 09:07:37', '1'),
(1505, 'E5QSP', '2024-05-30 11:22:59', '1'),
(1506, 'CZAA4', '2024-05-30 13:07:37', '1'),
(1507, 'R73CQ', '2024-05-30 13:11:22', '1'),
(1508, 'R73CQ', '2024-05-30 13:12:12', '1'),
(1509, 'BYH4F', '2024-05-30 20:37:17', '1'),
(1510, 'E5QSP', '2024-05-31 09:58:20', '1'),
(1511, 'BTHCJ', '2024-05-31 13:00:58', '1'),
(1512, 'AAK9Q', '2024-05-31 13:08:49', '1'),
(1513, 'AAK9Q', '2024-05-31 15:31:19', '1'),
(1514, 'M9TYK', '2024-05-31 20:30:25', '1'),
(1515, 'M9TYK', '2024-05-31 20:31:07', '1'),
(1516, 'M9TYK', '2024-05-31 20:35:22', '1'),
(1517, 'E5QSP', '2024-05-31 22:27:38', '1'),
(1518, 'AAK9Q', '2024-05-31 23:32:58', '1'),
(1519, 'ZHN87', '2024-06-01 14:15:46', '1'),
(1520, 'ZHN87', '2024-06-01 14:23:42', '1'),
(1521, 'AAK9Q', '2024-06-01 14:41:44', '1'),
(1522, 'E5QSP', '2024-06-01 17:53:13', '1'),
(1523, '9Y2R2', '2024-06-02 00:22:06', '1'),
(1524, 'ZHN87', '2024-06-02 00:35:06', '1'),
(1525, '9Y2R2', '2024-06-02 08:05:16', '1'),
(1526, 'AAK9Q', '2024-06-02 14:49:22', '1'),
(1527, '8PZ78', '2024-06-02 15:57:05', '1'),
(1528, 'E5QSP', '2024-06-02 17:27:26', '1'),
(1529, 'E5QSP', '2024-06-02 17:29:04', '1'),
(1530, '8PZ78', '2024-06-02 19:12:29', '1'),
(1531, '8PZ78', '2024-06-02 19:42:12', '1'),
(1532, '9Y2R2', '2024-06-02 20:37:33', '1'),
(1533, '8PZ78', '2024-06-02 23:44:31', '1'),
(1534, '8PZ78', '2024-06-02 23:44:51', '1'),
(1535, 'E5QSP', '2024-06-03 10:53:33', '1'),
(1536, 'E5QSP', '2024-06-03 14:08:34', '1'),
(1537, 'AAK9Q', '2024-06-03 14:58:32', '1'),
(1538, 'E5QSP', '2024-06-03 16:19:17', '1'),
(1539, '86BYC', '2024-06-03 21:51:52', '1'),
(1540, '86BYC', '2024-06-03 23:57:46', '1'),
(1541, 'AAK9Q', '2024-06-04 13:00:14', '1'),
(1542, 'AAK9Q', '2024-06-04 15:20:49', '1'),
(1543, 'E5QSP', '2024-06-04 17:24:48', '1'),
(1544, '86BYC', '2024-06-04 22:12:00', '1'),
(1545, 'AAK9Q', '2024-06-05 14:35:44', '1'),
(1546, 'AAK9Q', '2024-06-05 14:47:43', '1'),
(1547, 'AAK9Q', '2024-06-05 16:09:21', '1'),
(1548, 'E5QSP', '2024-06-05 17:22:15', '1'),
(1549, 'DHBAZ', '2024-06-05 17:36:53', '1'),
(1550, 'AAK9Q', '2024-06-06 15:27:17', '1'),
(1551, 'AAK9Q', '2024-06-06 17:49:58', '1'),
(1552, 'BYWU9', '2024-06-09 19:32:40', '1'),
(1553, 'PBRGY', '2024-06-10 16:27:25', '1'),
(1554, 'PBRGY', '2024-06-10 16:27:50', '1'),
(1555, 'CJF6V', '2024-06-11 15:15:33', '1'),
(1556, 'RNQMD', '2024-06-11 15:52:49', '1'),
(1557, 'WKE5V', '2024-06-11 18:32:19', '1'),
(1558, 'CJF6V', '2024-06-11 19:18:24', '1'),
(1559, 'WKE5V', '2024-06-11 19:35:44', '1'),
(1560, 'SMVB8', '2024-06-11 21:40:35', '1'),
(1561, 'W3V34', '2024-06-12 14:09:38', '1'),
(1562, 'W3V34', '2024-06-12 14:12:28', '1'),
(1563, '9AWG3', '2024-06-12 15:51:14', '1'),
(1564, '9AWG3', '2024-06-12 15:51:34', '1'),
(1565, 'W3V34', '2024-06-12 17:59:34', '1'),
(1566, 'W3V34', '2024-06-13 17:23:03', '1'),
(1567, 'E5QSP', '2024-06-14 11:14:35', '1'),
(1568, 'M7Z35', '2024-06-14 13:31:06', '1'),
(1569, 'M7Z35', '2024-06-14 13:31:27', '1'),
(1570, 'C4HAT', '2024-06-14 14:26:02', '1'),
(1571, 'C4HAT', '2024-06-14 14:26:27', '1'),
(1572, 'V738H', '2024-06-14 20:57:55', '1'),
(1573, 'V738H', '2024-06-14 20:58:54', '1'),
(1574, 'X76YR', '2024-06-26 08:37:06', '1'),
(1575, 'X76YR', '2024-06-26 10:27:26', '1'),
(1576, 'X76YR', '2024-06-26 10:31:30', '1'),
(1577, 'X76YR', '2024-06-26 10:32:13', '1'),
(1578, 'X76YR', '2024-06-26 10:53:39', '1'),
(1579, 'VUG5F', '2024-06-26 10:55:29', '1'),
(1580, 'VUG5F', '2024-06-26 10:56:22', '1'),
(1581, 'X76YR', '2024-06-26 11:55:45', '1'),
(1582, 'X76YR', '2024-06-26 11:57:57', '1'),
(1583, 'UMYHZ', '2024-06-26 12:03:29', '1'),
(1584, 'UMYHZ', '2024-06-26 12:09:38', '1'),
(1585, 'UMYHZ', '2024-06-26 12:12:36', '1'),
(1586, 'UMYHZ', '2024-06-26 12:12:46', '1'),
(1587, 'XCP37', '2024-06-26 13:59:34', '1'),
(1588, 'XCP37', '2024-06-26 14:00:33', '1'),
(1589, 'AMTNK', '2024-06-26 16:12:06', '1'),
(1590, 'AMTNK', '2024-06-26 16:12:23', '1'),
(1591, '88T7U', '2024-06-26 16:48:47', '1'),
(1592, 'NT8XV', '2024-06-26 21:46:09', '1'),
(1593, 'NT8XV', '2024-06-26 21:50:58', '1'),
(1594, 'NT8XV', '2024-06-26 21:51:14', '1'),
(1595, 'NT8XV', '2024-06-27 10:18:41', '1'),
(1596, '4G67B', '2024-06-27 13:02:50', '1'),
(1597, '4G67B', '2024-06-27 13:03:53', '1'),
(1598, 'G46GP', '2024-06-27 13:31:04', '1'),
(1599, 'G46GP', '2024-06-27 13:33:45', '1'),
(1600, 'N2PZ2', '2024-06-27 14:16:00', '1'),
(1601, 'NT8XV', '2024-06-28 22:38:38', '1'),
(1602, 'NT8XV', '2024-06-28 22:39:11', '1'),
(1603, 'NT8XV', '2024-06-28 22:41:04', '1'),
(1604, 'NT8XV', '2024-06-28 22:42:29', '1'),
(1605, 'NT8XV', '2024-06-28 22:42:56', '1'),
(1606, 'NT8XV', '2024-06-28 22:44:57', '1'),
(1607, 'NT8XV', '2024-06-28 22:49:15', '1'),
(1608, 'NT8XV', '2024-06-28 22:56:40', '1'),
(1609, 'NT8XV', '2024-06-28 23:05:20', '1'),
(1610, '5Y3K3', '2024-06-29 00:25:53', '1'),
(1611, 'MJXFX', '2024-06-29 18:25:14', '1'),
(1612, '5Y3K3', '2024-06-29 19:34:46', '1'),
(1613, 'KYVZJ', '2024-06-29 19:45:47', '1'),
(1614, 'J86GX', '2024-06-30 17:47:29', '1'),
(1615, 'J86GX', '2024-06-30 17:50:05', '1'),
(1616, '8RDSD', '2024-06-30 18:03:41', '1'),
(1617, '8RDSD', '2024-06-30 18:07:12', '1'),
(1618, '8RDSD', '2024-06-30 18:10:30', '1'),
(1619, '8RDSD', '2024-06-30 18:11:38', '1'),
(1620, 'J86GX', '2024-06-30 18:12:00', '1'),
(1621, 'G5AEZ', '2024-06-30 22:57:46', '1'),
(1622, 'G5AEZ', '2024-06-30 23:01:20', '1'),
(1623, 'KXUWK', '2024-07-01 00:19:01', '1'),
(1624, 'J86GX', '2024-07-01 00:24:17', '1'),
(1625, 'KXUWK', '2024-07-01 00:57:22', '1'),
(1626, '8RDSD', '2024-07-01 00:59:15', '1'),
(1627, '8RDSD', '2024-07-01 01:00:48', '1'),
(1628, 'KXUWK', '2024-07-01 02:10:24', '1'),
(1629, 'KYVZJ', '2024-07-01 20:56:19', '1'),
(1630, 'KYVZJ', '2024-07-01 21:01:28', '1'),
(1631, 'KYVZJ', '2024-07-01 21:02:03', '1'),
(1632, 'KGQCC', '2024-07-03 10:37:35', '1'),
(1633, '96FMZ', '2024-07-03 11:12:30', '1'),
(1634, 'KGQCC', '2024-07-03 16:46:09', '1'),
(1635, 'KGQCC', '2024-07-03 16:59:49', '1'),
(1636, 'KGQCC', '2024-07-03 17:00:09', '1'),
(1637, 'KGQCC', '2024-07-03 17:34:52', '1'),
(1638, 'KGQCC', '2024-07-03 17:35:17', '1'),
(1639, 'KGQCC', '2024-07-03 17:42:54', '1'),
(1640, 'KGQCC', '2024-07-03 17:48:37', '1'),
(1641, 'KGQCC', '2024-07-03 17:48:53', '1'),
(1642, 'KGQCC', '2024-07-03 19:07:19', '1'),
(1643, 'KGQCC', '2024-07-03 19:07:42', '1'),
(1644, 'KGQCC', '2024-07-03 19:08:21', '1'),
(1645, 'KGQCC', '2024-07-03 19:08:34', '1'),
(1646, 'KGQCC', '2024-07-03 19:26:27', '1'),
(1647, 'KGQCC', '2024-07-04 20:09:04', '1'),
(1648, 'KGQCC', '2024-07-04 20:10:08', '1'),
(1649, 'KGQCC', '2024-07-04 20:12:16', '1'),
(1650, 'KGQCC', '2024-07-04 20:15:48', '1'),
(1651, 'J5FSW', '2024-07-04 23:35:09', '1'),
(1652, 'J5FSW', '2024-07-04 23:36:50', '1'),
(1653, 'J5FSW', '2024-07-04 23:38:05', '1'),
(1654, 'J5FSW', '2024-07-04 23:40:15', '1'),
(1655, 'J5FSW', '2024-07-04 23:41:11', '1'),
(1656, 'J5FSW', '2024-07-04 23:43:20', '1'),
(1657, 'J5FSW', '2024-07-04 23:51:04', '1'),
(1658, '2UY79', '2024-07-05 17:01:10', '1'),
(1659, '2UY79', '2024-07-05 17:02:07', '1'),
(1660, '3D58H', '2024-07-06 17:17:39', '1'),
(1661, 'CENWM', '2024-07-06 17:18:32', '1'),
(1662, 'CNC9M', '2024-07-06 17:56:03', '1'),
(1663, '4UYNA', '2024-07-06 18:19:57', '1'),
(1664, 'CNC9M', '2024-07-06 18:57:24', '1'),
(1665, '3D58H', '2024-07-07 01:09:06', '1'),
(1666, 'VFAQT', '2024-07-09 16:53:02', '1'),
(1667, 'VFAQT', '2024-07-09 16:57:02', '1'),
(1668, '64CMW', '2024-07-09 17:04:14', '1'),
(1669, '64CMW', '2024-07-09 17:06:18', '1'),
(1670, 'GVESE', '2024-07-09 17:44:39', '1'),
(1671, '64CMW', '2024-07-09 21:29:54', '1'),
(1672, 'VJZE9', '2024-07-09 22:16:35', '1'),
(1673, 'FX642', '2024-07-10 10:07:23', '1'),
(1674, 'FX642', '2024-07-10 17:32:25', '1'),
(1675, '9XJAX', '2024-07-10 17:38:08', '1'),
(1676, 'D3H8J', '2024-07-10 19:26:34', '1'),
(1677, 'D3H8J', '2024-07-10 19:28:18', '1'),
(1678, 'D3H8J', '2024-07-10 19:30:06', '1'),
(1679, 'D3H8J', '2024-07-10 21:45:15', '1'),
(1680, 'D3H8J', '2024-07-11 10:56:02', '1'),
(1681, 'D3H8J', '2024-07-11 11:10:28', '1'),
(1682, 'D3H8J', '2024-07-11 17:09:57', '1'),
(1683, 'D3H8J', '2024-07-11 17:10:25', '1'),
(1684, 'D3H8J', '2024-07-11 17:24:45', '1'),
(1685, 'PS8EQ', '2024-07-11 18:03:24', '1'),
(1686, 'PS8EQ', '2024-07-11 18:05:50', '1'),
(1687, 'PS8EQ', '2024-07-11 18:07:53', '1'),
(1688, 'D3H8J', '2024-07-11 18:58:53', '1'),
(1689, 'PS8EQ', '2024-07-11 19:27:43', '1'),
(1690, '2FTP6', '2024-07-12 09:24:35', '1'),
(1691, '2FTP6', '2024-07-12 09:25:17', '1'),
(1692, '2FTP6', '2024-07-12 09:27:37', '1'),
(1693, '2FTP6', '2024-07-12 16:48:30', '1'),
(1694, 'CWK8B', '2024-07-15 17:15:34', '1'),
(1695, 'A8YX6', '2024-07-16 17:12:26', '1'),
(1696, 'AH2SU', '2024-07-16 19:14:48', '1'),
(1697, 'NSF3F', '2024-07-17 17:22:16', '1'),
(1698, 'VJTUV', '2024-07-17 21:10:24', '1'),
(1699, '57YYQ', '2024-07-17 21:19:10', '1'),
(1700, '57YYQ', '2024-07-17 21:19:32', '1'),
(1701, 'ZWQ9M', '2024-07-19 15:06:24', '1'),
(1702, '6BRRA', '2024-07-19 15:59:42', '1'),
(1703, '6BRRA', '2024-07-19 16:00:14', '1'),
(1704, 'ZWQ9M', '2024-07-19 19:13:44', '1'),
(1705, '6BRRA', '2024-07-19 20:07:07', '1'),
(1706, '6BRRA', '2024-07-19 20:09:07', '1'),
(1707, '8N5Z7', '2024-07-19 20:32:30', '1'),
(1708, 'ZWQ9M', '2024-07-20 10:41:42', '1'),
(1709, '8N5Z7', '2024-07-20 11:18:06', '1'),
(1710, '8N5Z7', '2024-07-20 19:10:16', '1'),
(1711, '8N5Z7', '2024-07-21 13:30:08', '1'),
(1712, '7GXWB', '2024-07-22 13:38:04', '1'),
(1713, '7GXWB', '2024-07-22 14:31:19', '1'),
(1714, '8N5Z7', '2024-07-22 15:19:09', '1'),
(1715, '8N5Z7', '2024-07-23 15:45:56', '1'),
(1716, '8N5Z7', '2024-07-23 17:33:48', '1'),
(1717, '8N5Z7', '2024-07-24 15:48:33', '1'),
(1718, 'B9FXW', '2024-07-25 15:07:53', '1'),
(1719, 'B9FXW', '2024-07-26 15:25:55', '1'),
(1720, 'B9FXW', '2024-07-26 21:19:07', '1'),
(1721, 'B9FXW', '2024-07-27 17:27:54', '1'),
(1722, 'B9FXW', '2024-07-27 20:38:29', '1'),
(1723, 'B9FXW', '2024-07-28 13:47:03', '1'),
(1724, 'B9FXW', '2024-07-29 15:03:20', '1');

-- --------------------------------------------------------

--
-- Table structure for table `customers`
--

CREATE TABLE `customers` (
  `customerid` int(11) NOT NULL,
  `customername` varchar(255) NOT NULL,
  `email` varchar(255) DEFAULT NULL,
  `mobile` varchar(15) DEFAULT NULL,
  `datecreated` date NOT NULL,
  `isdeleted` tinyint(1) DEFAULT 0
) ENGINE=MyISAM DEFAULT CHARSET=latin1 COLLATE=latin1_swedish_ci;

--
-- Dumping data for table `customers`
--

INSERT INTO `customers` (`customerid`, `customername`, `email`, `mobile`, `datecreated`, `isdeleted`) VALUES
(41, 'aj', 'anuradha@codanto.insgvf', '343545465', '2023-11-14', 0),
(38, 'prataprao', 'prataprao@gmail.com', '986425679', '2023-11-14', 0),
(40, 'Luis Suarez', 'lui.suarez@barcelonateam.com', '7451258', '2023-11-14', 0),
(39, 'sarvesh', 'sarveshnayak64@gmail.com', '673465378', '2023-11-14', 0),
(36, 'ompasad', 'oprasad@gmail.com', '654345678', '2023-11-13', 0),
(37, 'abc', 'abc@gmail.com', '2435464', '2023-11-13', 0),
(35, 'Om', 'Om@gmail.com', '999887766', '2023-11-13', 0),
(34, 'Anuradha Joshi', 'anuradha@gmail.com', '875951099', '2023-11-12', 0),
(33, 'John', 'john@gmail.com', '9864567', '2023-11-09', 0),
(32, 'John', 'john@gmaiil.com', '9876545678', '2023-11-09', 0),
(31, 'Keith', 'keith@codanto.com', '9906289654', '2023-11-09', 0),
(30, 'Anuradha', 'manager@codanto.com', '9901102098', '2023-11-09', 1),
(29, 'dfdfd', 'sdsd#@gmail.com', '2324', '2023-11-07', 1),
(28, 'Manasi', 'anuradhajoshi1998@gmail.com', '76536890', '2023-11-07', 0),
(27, 'AJ', 'anuradha@codanto.in', '9405951099', '2023-11-07', 1),
(42, 'Jason Jones', 'cicit31690@rdluxe.com', '7322264452', '2023-11-14', 0),
(43, 'Manager Codanto', 'jadex89075@mkurg.com', '09322264452', '2023-11-14', 0),
(44, 'Malc', 'coolmalc_26@yahoo.com', '12345', '2023-11-14', 1),
(45, 'Shelby Williams', 'shelbywilliam@gmail.com', '7854122222', '2023-11-17', 0),
(46, 'Allan Sony', 'allansony@codanto.in', '9322264452', '2023-11-17', 0),
(47, 'Mal', 'gomes_malcolm@hotmail.com', '1234', '2023-11-21', 0),
(48, 'Sarvesh', 'sarvesh@gmail.com', '998877665544332', '2023-11-22', 0),
(49, 'Anuradha Joshi', 'admin@gmail.com', '09405951099', '2023-11-23', 0),
(50, 'Kaz', 'kadishamara@gmail.com', '2', '2023-11-25', 0),
(51, 'William Shakespeare', 'allan+seguro@codanto.in', '7788445511', '2023-11-29', 0),
(52, 'Anuradha Joshi', 'fghfghfghf@gmail.com', '454', '2023-11-29', 0),
(53, 'Anuradha Joshi', 'admingg@gmail.com', '9405951099', '2023-11-29', 0),
(54, 'Mal', 'mnj@aol.com', '123', '2023-11-30', 0),
(55, 'Malc', 'malc@123.com', '098', '2023-12-02', 0),
(56, 'Ashok ', 'harishok303@gmail.com', '12', '2023-12-07', 0),
(57, 'Anuradha Joshi', 'admin@yabjheela.com', '09405951099', '2023-12-07', 0),
(58, 'Allan Sony', 'allan@codanto.in', '7412589630', '2023-12-07', 0),
(59, 'Allan Donald', 'allansony107@gmail.com', '987452136', '2023-12-07', 0),
(60, 'test', 'testn@gmail.com', '234576', '2023-12-07', 0),
(61, 'joshi', 'anuradsdaha@codanto.in', '51099', '2023-12-08', 0),
(62, 'Anuradha Joshi', 'andrew@itrakassets.com', '0940989099', '2023-12-08', 0),
(63, 'Kai', 'kai.kibbel@omv.com', '12', '2023-12-10', 0),
(64, 'ashnil', 'ashnil@gmail.com', '98765456789', '2023-12-12', 0),
(65, 'Anuradha Joshi', 'anu@gmail.com', '78786', '2023-12-12', 0),
(66, 'anuradha', 'anuradha2344@codanto.in', '23432123', '2023-12-20', 0),
(67, 'Sarvesh Satish Nayak', 'sarvesh@codanto.in', '876432123444', '2023-12-22', 0),
(68, 'O', 'malcolm.gomes@ecnz.co.nz', '6', '2023-12-29', 0),
(69, 'Ferdin', 'ferdinantony@gmail.com', '123', '2024-01-06', 0),
(70, 'Chris', 'info@glowwormmotel.co.nz', '123', '2024-01-09', 0),
(71, 'keith', 'keithim10056@gmail.com', '4354657543', '2024-01-11', 0),
(72, 'fdfgh', 'anuradh45678a@codanto.in', '5675432345678', '2024-01-15', 0),
(73, 'test', 'aditya8hiranwale@gmail.com', '1234567880', '2024-01-29', 0),
(74, 'pinky', 'manasiverlekar@gmail.com', '9922561920', '2024-01-29', 1),
(75, 'suyash', 'suyashrane80@gmail.com', '8806319010', '2024-01-29', 0),
(76, 'kay', 'kay@gmailo.com', '1245567', '2024-01-29', 0),
(77, 'kaysh', 'kay1223@gmail.com', '234567', '2024-01-29', 0),
(78, 'James', 'access@seguro.co.nz', '345', '2024-01-30', 1),
(79, 'Tom', 'engineering@seguro.co.nz', '123', '2024-01-30', 1),
(80, 'Tom', 'tom@gmail.com', '123', '2024-01-31', 0),
(81, 'Debby Lynn', 'creativeupgrade@slingshot.co.nz', '123', '2024-01-31', 0),
(82, 'Rakshanda', 'rakshandagaonkar11@gmail.com', '9075505796', '2024-01-31', 1),
(83, 'Ian', 'ichin@duck.com', '098', '2024-02-06', 1),
(84, 'Akhil', 'akhil@gmail.com', '998432087', '2024-02-06', 0),
(85, 'pinky', 'pinkyyy@gmail.com', '456325', '2024-02-08', 0),
(86, 'keith', 'keith@gmail.com', '9901102098', '2024-02-08', 0),
(87, 'admin', 'dgwl11111@gmail.com', '9405951099', '2024-02-08', 0),
(88, 'keith', 'anuradha@coderunner.tech', '94059523312', '2024-02-08', 0),
(89, 'gtresf', 'Henna.Baker@gmail.com', '09405951099', '2024-02-08', 0),
(90, 'Tim', 'col@aol.co.in', '123', '2024-02-12', 1),
(91, 'te', 'te@gmsil.com', '12339', '2024-02-12', 0),
(92, 'Meg', 'try@aol.com', '435', '2024-02-13', 0),
(93, 'Meg', 'wer@ail.com', '321', '2024-02-13', 1),
(94, 'Mahendra', 'mahendrapardeshi2004@gmail.com', '1234', '2024-02-14', 1),
(95, 'Aditya', 'aditya@gmail.com', '658718', '2024-02-21', 0),
(96, 'Test3', 'debbystewart41@gmail.com', '124', '2024-02-21', 0),
(97, 'Allan Codanto', 'manager@codanto.com', '9322264452', '2024-02-21', 0),
(98, 'Anuradha', 'anuradha1@codanto.in', '9987654321', '2024-02-21', 0),
(99, 'Allan', 'allan@gmail.com', '9405951099', '2024-02-21', 0),
(100, 'Remmie Azavedo', 'mapeboc838@molyg.com', '7896541230', '2024-02-21', 0),
(101, 'Anuradha Joshi', 'anuradrdetya@codanto.in', '8905951099', '2024-02-21', 0),
(102, 'Try', 'coolmalc_26@yahoo.com', '23', '2024-02-21', 1),
(103, 'Sam', 'coolmalc_26@yahoo.com', '21', '2024-02-22', 1),
(104, 'Rod', 'Lynndebby75@gmail.com', '0274223999', '2024-02-22', 0),
(105, 'Deb', 'lynndebby75@gmail.com.com', '21', '2024-02-23', 0),
(106, 'Deb', 'debby@gmail.com', '21', '2024-02-27', 0),
(107, 'Tyler', 'lynndebby75@yahoo.com', '45', '2024-02-29', 0),
(108, 'Malcolm', 'cool@aol.com', '123', '2024-03-01', 0),
(109, 'test code', 'tesCode@gmail.com', '7775553336', '2024-03-01', 0),
(110, 'Hiran', 'hiran@outlook.co.nz', '123', '2024-03-01', 0),
(111, 'Gayan', 'r@aoi.com', '12', '2024-03-01', 0),
(112, 'Rick', 'g@aol.com', '1', '2024-03-01', 0),
(113, 'tr', 't@rew.com', '1', '2024-03-01', 0),
(114, 'tre', '2@rew.com', '3', '2024-03-01', 0),
(115, 'gre', 'coolmalc_26@yahoo.com', '3', '2024-03-02', 1),
(116, 'Ref', 'r@tr.com', '3', '2024-03-02', 0),
(117, 'R', 'R@f.com', '3', '2024-03-02', 0),
(118, 'Alegrie', 'al@gri.com', '3', '2024-03-02', 0),
(119, 'Ariana', 'a@ana.com', '3', '2024-03-02', 0),
(120, 'Try', 'tr@re.com', '12', '2024-03-02', 0),
(121, 'Who', 'r@re.com', '3', '2024-03-02', 0),
(122, 'RIYA', 'rakshandagaonkar11@gmail.com', '765', '2024-03-04', 0),
(123, 'RINKI', 'ad@gmail.com', '789', '2024-03-04', 0),
(124, 'PINKI', 'A@GMAIL.COM', '345', '2024-03-04', 0),
(125, 'Anuradha Joshi', 'anuradha@codanto.in', '9405951099', '2024-03-04', 0),
(126, 'keith', 'anuradha@codanto.in', '9405951099', '2024-03-04', 0),
(127, 'keith', 'anuradha@codanto.in', '9405951099', '2024-03-04', 0),
(128, 'Akhil', 'Akhil@codanto.in', '9405951099', '2024-03-04', 0),
(129, 'Zeno', 'akhil@codanto.in', '9405951099', '2024-03-04', 1),
(130, 'RIYA', 'rakshandagaonkar11@gmail.com', '765', '2024-03-04', 0),
(131, 'gre', 'coolmalc_26@yahoo.com', '3', '2024-03-04', 0),
(132, 'Sam', 'coolmalc_26@yahoo.com', '21', '2024-03-04', 0),
(133, 'Sam', 'coolmalc_26@yahoo.com', '21', '2024-03-04', 0),
(134, 'ppinky', 'pinky@codanto.in', '54546455', '2024-03-04', 0),
(135, 'Suyash', 'rakshandagaonkar11@gmail.com', '783647354857', '2024-03-04', 0),
(136, 'Sam', 'coolmalc_26@yahoo.com', '21', '2024-03-04', 0),
(137, 'AKHIL', 'RT@GMAIL.COM', '56', '2024-03-04', 0),
(138, 'RIYA', 'rakshandagaonkar11@gmail.com', '765', '2024-03-04', 0),
(139, 'Sam', 'coolmalc_26@yahoo.com', '21', '2024-03-04', 0),
(140, 'Sam', 'coolmalc_26@yahoo.com', '21', '2024-03-04', 1),
(141, 'Sam', 'coolmalc_26@yahoo.com', '21', '2024-03-05', 0),
(142, 'tes', 'tes@gmail.com', '1234', '2024-03-05', 0),
(143, 'ttt', 'tt@gmail.com', '23456754', '2024-03-05', 0),
(144, 'anurdha333', 'annu@gmail.com', '8889996663', '2024-03-05', 0),
(145, 'Sam', 'coolmalc_26@yahoo.com', '21', '2024-03-05', 0),
(146, 'Tay', '1@2.com', '1', '2024-03-05', 1),
(147, 'Yo', 'coolmalc_26@yahoo.com', '2', '2024-03-05', 0),
(148, 'Holiday mode', '123@gmail.com', '0274223999', '2024-03-05', 0),
(149, 'Immie Thomas x 2 ex abb', 'Lynndebby75@gmail.com', '0274223999', '2024-03-05', 0),
(150, 'yyyyy', 'anuradhsdasda@codanto.in', '', '2024-03-05', 0),
(151, 'eref', 'ergfrrgfdg@gmai.com', '', '2024-03-05', 0),
(152, 'Leo', '1@2.com', '', '2024-03-05', 1),
(153, 'Debbie Boorman x1 ex bc', 'debboorman71@gmail.com', '0274223999', '2024-03-05', 0),
(154, 'Francoise - repeat customer ', 'Lynndebby75@gmail.com', '', '2024-03-05', 0),
(155, 'Loy', 'coolmalc_26@yahoo.com', '', '2024-03-06', 1),
(156, 'Hikurangi Mills x 2 ex bc', 'hikurangimills@gmail.com', '0274223999', '2024-03-06', 0),
(157, 'Allan Sony', 'allansony107@gmail.com', '', '2024-03-06', 0),
(158, 'Allan Sony', 'allansony107@gmail.com', '9322264452', '2024-03-06', 0),
(159, 'allan', 'nabsadsomo3943@pursip.com', '', '2024-03-06', 0),
(160, 'dfdgdfg', 'anuradha@coderunner.tech', '', '2024-03-06', 0),
(161, 'Kay Meier x 1 x abb', 'Lynndebby75@gmail.com', '', '2024-03-07', 0),
(162, 'Rachel Posa x1xabb', 'Lynndebby75@gmail.com', '0274223999', '2024-03-08', 0),
(163, 'Kappeli Remo x2xbc', 'Lynndebby75@gmail.com', '', '2024-03-08', 0),
(164, 'Rajiv', 'rajeev84victor@gmail.com', '1', '2024-03-08', 0),
(165, 'Anne&Tonyx2xabb', 'Lynndebby75@gmail.com', '', '2024-03-08', 0),
(166, 'Malc', 'access@seguro.co.nz', '', '2024-03-08', 1),
(167, 'Mike van Veen x1 ex bc', 'medkiwis@hotmail.com', '', '2024-03-08', 0),
(168, 'Allan Codanto', 'manager@codanto.com', '9322264452', '2024-03-09', 0),
(169, 'G', '1@2.com', '', '2024-03-09', 0),
(170, 'G', '1@2.com', '', '2024-03-09', 0),
(171, 'Manager Codanto', 'manager@codanto.com', '9322264452', '2024-03-09', 0),
(172, 'MG', '1@2.com', '', '2024-03-09', 1),
(173, 'Ray', 'coolmalc_26@yahoo.com', '', '2024-03-09', 0),
(174, 'Sai', 'sai.rane@vegalend.co.nz', '', '2024-03-09', 0),
(175, 'Oswald', 'oswald_ferns20@hotmail.com', '', '2024-03-09', 0),
(176, 'Nestor', 'nestor277@gmail.com', '', '2024-03-09', 0),
(177, 'Paul', 'pastanyon@gmail.com', '', '2024-03-09', 0),
(178, 'Suresh', 'sureshsimon@hotmail.com', '', '2024-03-09', 0),
(179, 'Zayd', 'az.ezee@gmail.com', '', '2024-03-09', 0),
(180, 'PK', 'nkosiyabopike@gmail.com', '', '2024-03-09', 0),
(181, 'Bala', 'bala.palaniappan@gmail.com', '', '2024-03-09', 0),
(182, 'PH', 'peter.hodkinson@outlook.com', '', '2024-03-09', 0),
(183, 'Aruna', 'nav.patel@xtra.co.nz', '', '2024-03-09', 0),
(184, 'Aruna', 'apatel0@xtra.co.nz', '', '2024-03-09', 0),
(185, 'Viraj', 'viraj@coffeenews.co.nz', '', '2024-03-09', 0),
(186, 'Raju', 'rajukhad@gmail.com', '', '2024-03-09', 0),
(187, 'Aseem', 'draseemgautam10@gmail.com', '', '2024-03-09', 0),
(188, 'Zee', 'sabz.afzal@gmail.com', '', '2024-03-09', 0),
(189, 'Prashant', 'prashantsuv@gmail.com', '', '2024-03-09', 0),
(190, 'Malcolm', 'access@seguro.co.nz', '', '2024-03-09', 0),
(191, 'Amol', 'amolathakre@gmail.com', '', '2024-03-09', 0),
(192, 'Ash', 'ashwaniparrot@gmail.com', '', '2024-03-09', 0),
(193, 'Farhana', 'farhana_basheer@hotmail.com', '', '2024-03-09', 0),
(194, 'Olena', 'olena.williams@gmail.com', '', '2024-03-09', 1),
(195, 'Kim', 'k@gmail.com', '', '2024-03-11', 1),
(196, 'Frank x 1 ex bc', 'Lynndebby75@gmail.com', '', '2024-03-11', 0),
(197, 'Christine Barry', 'declutterwithchris@gmail.com', '', '2024-03-11', 0),
(198, 'Christine Barry', 'declutterwithchris@gmail.com', '', '2024-03-12', 0),
(199, 'Lara x1exbc', 'Lara.linn@gmail.com', '0274223999', '2024-03-12', 0),
(200, 'Anuradha Joshi', 'pewav32848@talmetry.com', '09405951099', '2024-03-12', 0),
(201, 'akhil', 'anuraerer45dhajoshi1998@gmail.com', '22222333334444', '2024-03-12', 0),
(202, 'Thomas Knott x 1 ex abb', 'Lynndebby75@gmail.com', '', '2024-03-12', 0),
(203, 'Lyn Mulvay x2 xbc', 'Lynndebby75@gmail.com', '', '2024-03-12', 0),
(204, 'ALLAN', 'allan@codanto.in', '4354324', '2024-03-12', 0),
(205, 'Deb', 'lynndebby75@gmail.com.com', '21', '2024-03-12', 0),
(206, 'Deb', 'lynndebby75@gmail.com.com', '21', '2024-03-13', 0),
(207, 'Odette x 3 ex abb', 'Lynndebby75@gmail.com', '', '2024-03-13', 0),
(208, 'Malcolm', 'Lynndebby75@gmail.com', '', '2024-03-13', 0),
(209, 'Allan Codanto', 'manager@codanto.com', '9322264452', '2024-03-13', 0),
(210, 'Allan Codanto', 'manager@codanto.com', '9322264452', '2024-03-14', 0),
(211, 'Allan Sony', 'allansony107@gmail.com', '9322264452', '2024-03-14', 0),
(212, 'Allan Sony', 'allansony107@gmail.com', '9322264452', '2024-03-14', 0),
(213, 'Bart x1 ex bc', 'Lynndebby75@gmail.com', '', '2024-03-14', 0),
(214, 'Christine Barry', 'declutterwithchris@gmail.com', '', '2024-03-14', 0),
(215, 'We', '1@2.com', '', '2024-03-14', 1),
(216, 'shakur', 'Nman@nland.con', '9823', '2024-03-15', 0),
(217, 'Tim', '1@1.com', '', '2024-03-18', 1),
(218, 'anuradha', 'anuradha@codanto.in', '345678', '2024-03-22', 0),
(219, 'Massimo x2 xabb', 'Lynndebby75@gmail.com', '', '2024-03-30', 0),
(220, 'Reto and Anna xabb', 'Lynndebby75@gmail.com', '0274223999', '2024-03-30', 0),
(221, 'TJ Song x2 x bcc', 'Lynndebby75@gmail.com', '', '2024-03-30', 0),
(222, 'Alisa x2 xbcc', 'Lynndebby75@gmail.com', '', '2024-03-30', 0),
(223, 'Sbusiso x abb', 'Lynndebby75@gmail.com', '', '2024-04-03', 0),
(224, 'Aiden xabb', 'Lynndebby75@gmail.com', '', '2024-04-03', 0),
(225, 'Nicky Back xbc', 'Lynndebby75@gmail.com', '', '2024-04-03', 0),
(226, 'Kim xabb', 'Lynndebby75@gmail.com', '', '2024-04-04', 0),
(227, 'Simon xbc', 'Lynndebby75@gmail.com', '', '2024-04-05', 0),
(228, 'Daryl Baken x2 xbc', 'Lynndebby75@gmail.com', '', '2024-04-05', 0),
(229, 'Kieran ', 'Lynndebby75@gmail.com', '', '2024-04-09', 0),
(230, 'Sam xbc', 'Lynndebby75@gmail.com', '', '2024-04-10', 0),
(231, 'Rachel Luo x2 xbc', 'Lynndebby75@gmail.com', '', '2024-04-11', 0),
(232, 'Erwin Tepe x bc', 'Lynndebby75@gmail.com', '', '2024-04-12', 0),
(233, 'Bayron x 2 xabb', 'Lynndebby75@gmail.com', '', '2024-04-12', 0),
(234, 'Florian x2 xabb', 'Lynndebby75@gmail.com', '', '2024-04-13', 0),
(235, 'Georgia ', 'Lynndebby75@gmail.com', '', '2024-04-14', 0),
(236, 'Garth xbc', 'Lynndebby75@gmail.com', '', '2024-04-15', 0),
(237, 'Hendrik xbc', 'Lynndebby75@gmail.com', '', '2024-04-15', 0),
(238, 'Arihant x2 xabb', 'Lynndebby75@gmail.com', '', '2024-04-15', 0),
(239, 'Johannes xabb', 'Lynndebby75@gmail.com', '', '2024-04-16', 0),
(240, 'Bart x 1 x abb', 'Lynndebby75@gmail.com', '', '2024-04-16', 0),
(241, 'Peter x abb', 'Lynndebby75@gmail.com', '', '2024-04-16', 0),
(242, 'Lisa Fan x2 xabb', 'Lynndebby75@gmail.com', '', '2024-04-17', 0),
(243, 'MG', 'coolmalc_26@yahoo.com', '', '2024-04-20', 0),
(244, 'Anuran', 'romalianu@aol.com', '', '2024-04-20', 0),
(245, 'Amanda x abb', 'Lynndebby75@gmail.com', '', '2024-04-20', 0),
(246, 'Nathan x bc', 'Lynndebby75@gmail.com', '', '2024-04-20', 0),
(247, 'Claudio x2 xbc', 'Lynndebby75@gmail.com', '', '2024-04-20', 0),
(248, 'Alexandra x2 xbc', 'Lynndebby75@gmail.com', '', '2024-04-20', 0),
(249, 'Laney xabb', 'Lynndebby75@gmail.com', '', '2024-04-20', 0),
(250, 'Jack Dai', 'Lynndebby75@gmail.com', '', '2024-04-21', 0),
(251, 'Sean and Gus', 'Lynndebby75@gmail.com', '', '2024-04-21', 0),
(252, 'Chloe Bond xabb', 'Lynndebby75@gmail.com', '', '2024-04-22', 0),
(253, 'Fergus x bc', 'Lynndebby75@gmail.com', '', '2024-04-23', 0),
(254, 'Collette x 2 xbc', 'Lynndebby75@gmail.com', '', '2024-04-24', 0),
(255, 'Kylee Lambert', 'Lynndebby75@gmail.com', '', '2024-04-25', 0),
(256, 'Jason xabb', 'Lynndebby75@gmail.com', '', '2024-04-25', 0),
(257, 'Jay xbc', 'Lynndebby75@gmail.com', '', '2024-04-25', 0),
(258, 'Lou xph', 'loubie70@gmail.com', '', '2024-04-25', 0),
(259, 'Kylee Lambert x2 xabb', 'Lynndebby75@gmail.com', '', '2024-04-25', 0),
(260, 'Matthew x2 xbc', 'Lynndebby75@gmail.com', '', '2024-04-25', 0),
(261, 'Adil x2 xabb', 'Lynndebby75@gmail.com', '', '2024-04-26', 0),
(262, 'Michaela x1 xbc', 'Lynndebby75@gmail.com', '', '2024-04-26', 0),
(263, 'Anoopa', 'anoopajosephct@gmail.com', '', '2024-04-27', 0),
(264, 'Mike Palmers x1 xabb', 'Lynndebby75@gmail.com', '', '2024-04-27', 0),
(265, 'Jack Bradberry x2 xbc', 'Lynndebby75@gmail.com', '', '2024-04-28', 0),
(266, 'Ali x1 xabb', 'Lynndebby75@gmail.com', '', '2024-04-30', 0),
(267, 'Ryan Salter ex bc x1', 'Lynndebby75@gmail.com', '', '2024-04-30', 0),
(268, 'Mari xrep', 'Lynndebby75@gmail.com', '', '2024-05-02', 0),
(269, 'Codanto', 'manager@codanto.com', '9322264452', '2024-05-02', 0),
(270, 'MG', '1@2.com', '', '2024-05-02', 0),
(271, 'Nicola x abb', 'Lynndebby75@gmail.com', '', '2024-05-02', 0),
(272, 'Malc', 'coolmalc_26@yahoo.com', '', '2024-05-02', 0),
(273, 'Malcllm', 'coolmalc_26@yahoo.com', '', '2024-05-02', 0),
(274, 'Mari', 'lynndebby75@gmail.com', '', '2024-05-02', 0),
(275, 'Stefanie xbc', 'Lynndebby75@gmail.com', '', '2024-05-03', 0),
(276, 'Debby', 'Lynndebby75@gmail.com', '', '2024-05-03', 0),
(277, 'Nicola Brooks x1 xabb', 'Lynndebby75@gmail.com', '', '2024-05-03', 0),
(278, 'E', 'w@q.com', '', '2024-05-03', 1),
(279, 'KC', 'kcl1m@yahoo.com', '', '2024-05-03', 1),
(280, 'Stefanie', 'stefaniediggelmann@hotmail.ch', '', '2024-05-03', 0),
(281, 'Jack Bradberry x2 xbc', 'jack.bradberry92@gmail.com', '', '2024-05-03', 0),
(282, 'Mari xrep', 'mvnz@hotmail.com', '', '2024-05-06', 0),
(283, 'Pankaj', 'saprapankaj999@gmail.com', '', '2024-05-07', 0),
(284, 'Leanne Matthews x1 xbdc', 'leannematthews65@icloud.com', '', '2024-05-07', 0),
(285, 'Hemal', 'hemalg@hindmanagement.com', '', '2024-05-08', 0),
(286, 'Pankaj', 'Lynndebby75@gmail.com', '', '2024-05-08', 0),
(287, 'Tiaho', 'tiaho.ngm@gmail.com', '', '2024-05-08', 0),
(288, 'Johan', 'linderjohan@yahoo.com.au', '', '2024-05-09', 0),
(289, 'Darking Bel x1 xbc', 'Lynndebby75@gmail.com', '', '2024-05-10', 0),
(290, 'Jay x2 rep', 'Lynndebby75@gmail.com', '', '2024-05-10', 0),
(291, 'Sarah x2 xbc', 'jimnsez@hotmail.com', '', '2024-05-12', 0),
(292, 'Melissa Townsend x2 xbc', 'melissatownsend2@gmail.com', '', '2024-05-13', 0),
(293, 'Jason x1 xabb', 'Lynndebby75@gmail.com', '', '2024-05-13', 0),
(294, 'Mark x1 xbdc', 'Lynndebby75@gmail.com', '', '2024-05-13', 0),
(295, 'Meileen x2 xabb', 'Lynndebby75@gmail.com', '', '2024-05-13', 0),
(296, 'Testfrontv2', 'Lynndebby75@gmail.com', '', '2024-05-13', 0),
(297, 'Test lilac', 'Lynndebby75@gmail.com', '', '2024-05-13', 0),
(298, 'Test blue', 'Lynndebby75@gmail.com', '', '2024-05-13', 0),
(299, 'Test mustard', 'Lynndebby75@gmail.com', '', '2024-05-13', 0),
(300, 'Mustard test2', 'Lynndebby75@gmail.com', '', '2024-05-13', 0),
(301, 'Contractor', 'Lynndebby75@gmail.com', '', '2024-05-13', 0),
(302, 'Contractor test', 'Lynndebby75@gmail.com', '', '2024-05-13', 0),
(303, 'Kevin', 'coolmalc_26@yahoo.com', '', '2024-05-13', 0),
(304, 'Kev', 'coolmalc_26@yahoo.com', '', '2024-05-13', 0),
(305, 'K', 'coolmalc_26@yahoo.com', '', '2024-05-13', 0),
(306, 'Blue test ', 'Lynndebby75@gmail.com', '', '2024-05-14', 0),
(307, 'anurdha', 'hello@gmail.com', '', '2024-05-14', 0),
(308, 'A', 'a@b.com', '', '2024-05-14', 1),
(309, 'b', 'b@a.com', '', '2024-05-14', 1),
(310, 'C', 'C@C.com', '', '2024-05-14', 1),
(311, 'E', 'e@e.com', '', '2024-05-14', 1),
(312, 'Genesis meter reader', 'Lynndebby75@gmail.com', '', '2024-05-15', 0),
(313, 'Test1', 'Lynndebby75@gmail.com', '', '2024-05-16', 0),
(314, 'Murray Verran', 'mvnz@hotmail.com', '', '2024-05-16', 0),
(315, '3', '3@3.com', '', '2024-05-16', 0),
(316, 'Sbusiso x abb', 'shabangusibusiso823@gmail.com', '', '2024-05-16', 0),
(317, 'Pankaj', 'ndssolutions999@gmail.com', '', '2024-05-20', 0),
(318, '4', '4@4.com', '', '2024-05-20', 0),
(319, '4', 'access@seguro.co.nz', '', '2024-05-20', 0),
(320, 'anurdha', 'anuradhajoshi1998@gmail.com', '', '2024-05-21', 0),
(321, 'nikhil', 'nikhil@codanto.in', '235424354546', '2024-05-21', 0),
(322, 'Claire x2 xbc', 'Lynndebby75@gmail.com', '', '2024-05-22', 0),
(323, 'Wibout pankaj friend', 'thamalsha456@gmail.com', '', '2024-05-22', 0),
(324, 'Grant & Midori x abb', 'grant_wharehoka@yahoo.co.nz', '', '2024-05-22', 0),
(325, '1', 'coolmalc_26@yahoo.com', '', '2024-05-22', 0),
(326, '67asdf', 'veyip42120@neixos.com', '5657543', '2024-05-22', 0),
(327, '2', 'coolmalc_26@yahoo.com', '', '2024-05-22', 1),
(328, 'Test coder', 'Lynndebby75@gmail.com', '', '2024-05-23', 0),
(329, 'Coder', 'Lynndebby75@gmail.com', '', '2024-05-23', 0),
(330, 'Coding', 'Lynndebby75@gmail.com', '', '2024-05-23', 0),
(331, 'Coders', 'Lynndebby75@gmail.com', '', '2024-05-23', 0),
(332, 'David Shand ?2 ?abb', 'Lynndebby75@gmail.com', '', '2024-05-23', 0),
(333, 'Sebasti?n x1 xabb', 'Lynndebby75@gmail.com', '', '2024-05-23', 0),
(334, 'Denise x1 xbc', 'Lynndebby75@gmail.com', '', '2024-05-23', 0),
(335, 'Grant & Midori x abb', 'Lynndebby75@gmail.com', '', '2024-05-23', 0),
(336, 'David', 'david@quinovic-viaduct.co.nz', '', '2024-05-24', 0),
(337, '3', '3@2.com', '', '2024-05-24', 1),
(338, 'Chee x2 xph', 'gabriellaqiqi@gmail.com', '', '2024-05-25', 0),
(339, 'Pierre Syben x bc', 'Lynndebby75@gmail.com', '', '2024-05-28', 0),
(340, 'Angela Reneti x2 xbc', 'Lynndebby75@gmail.com', '', '2024-05-28', 0),
(341, 'Wallace x1 xabb', 'Lynndebby75@gmail.com', '', '2024-05-28', 0),
(342, 'Jay x2 rep', 'jaykem21@icloud.com', '', '2024-05-28', 0),
(343, 'Bob x1 xabb', 'Lynndebby75@gmail.com', '', '2024-05-28', 0),
(344, 'Laney xabb Nuhara', 'Lynndebby75@gmail.com', '', '2024-05-29', 0),
(345, 'Mal', 'coolmalc_26@yahoo.com', '', '2024-05-29', 0),
(346, 'MG', 'access@seguro.co.nz', '', '2024-05-29', 0),
(347, 'MG', 'access@seg.com', '', '2024-05-30', 0),
(348, 'MG', 'm@g.com', '', '2024-05-30', 0),
(349, 'M', 'M@g.com', '', '2024-05-30', 0),
(350, 'Mike', 'mikesmart@windowslive.com', '', '2024-05-30', 0),
(351, 'Alex - day only', 'alcloud7@gmail.com', '', '2024-05-31', 0),
(352, 'Heremaia x2 xabb', 'Lynndebby75@gmail.com', '', '2024-05-31', 0),
(353, 'Lourens & Jillian ? ph', 'lourensbo@mweb.co.za', '', '2024-06-01', 0),
(354, 'James Lockhart', 'holey1@xtra.comco.nz', '', '2024-06-02', 0),
(355, 'Eitan Niv x 1 xbc', 'Lynndebby75@gmail.com', '', '2024-06-03', 0),
(356, 'Vimuk', 'thamalsha456@gmail.com', '', '2024-06-05', 0),
(357, 'Eimi x1 xbc', 'Lynndebby75@gmail.com', '', '2024-06-10', 0),
(358, 'Arsen ?1 ? abb', 'Lynndebby75@gmail.com', '', '2024-06-10', 0),
(359, 'Unknown ex abb', 'Lynndebby75@gmail.com', '', '2024-06-11', 0),
(360, 'Joel ?2 ? bc', 'Lynndebby75@gmail.com', '', '2024-06-11', 0),
(361, 'Mark', 'xiewei1151@gmail.com', '', '2024-06-14', 0),
(362, 'Jscob x1 xbc', 'Lynndebby75@gmail.com', '', '2024-06-14', 0),
(363, 'Christine Barry', 'Lynndebby75@gmail.com', '', '2024-06-18', 0),
(364, 'Amy', 'Lynndebby75@gmail.com', '', '2024-06-21', 0),
(365, 'Jonathan', 'swcentrepoint@gmail.com', '', '2024-06-24', 1),
(366, 'Sam', 'samw2128@gmail.com', '', '2024-06-26', 0),
(367, 'Irene', 'office@catholicparishnp.nz', '', '2024-06-26', 0),
(368, 'Jeremy', 'spring@pennconstruction.co.nz', '', '2024-06-26', 0),
(369, 'Law', 'info@pukekuramotorlodge.co.nz', '', '2024-06-26', 0),
(370, 'Raewyn', 'book@ambercourtmotel.co.nz', '', '2024-06-26', 0),
(371, 'Jen', 'manager@fitzroybeach.co.nz', '', '2024-06-27', 0),
(372, 'Matt', 'mghickford@gmail.com', '', '2024-06-27', 0),
(373, 'Kelly Anne', 'kacruikshank@icloud.com', '', '2024-06-27', 0),
(374, 'test code', 'hello@gmail.com', '', '2024-06-29', 0),
(375, 'MG', 'co@mg.com', '', '2024-06-29', 0),
(376, 'test11', 'test@gmail.com', '', '2024-06-30', 0),
(377, 'new test', 'anuradha@coderunner.tech', '', '2024-06-30', 0),
(378, 'test code100', 'hello@gmail.com', '', '2024-06-30', 0),
(379, 'test code500', 'hello@gmail.com', '', '2024-07-01', 0),
(380, 'Nicky', 'info@parksideapartments.co.nz', '', '2024-07-03', 0),
(381, 'Deying Gong x 2 x ABB', 'lynndebby75@gmail.com', '', '2024-07-04', 0),
(382, 'Chunlin Zhang x BC', 'lynndebby75@gmail.com', '', '2024-07-05', 0),
(383, 'Abbey ', 'Lynndebby75@gmail.com', '', '2024-07-06', 0),
(384, 'Ellie x2 x bc', 'Lynndebby75@gmail.com', '', '2024-07-06', 0),
(385, 'Chunlin rep', 'Lynndebby75@gmail.com', '', '2024-07-06', 0),
(386, 'Deb Hamilton x1 xbc', 'Lynndebby75@gmail.com', '', '2024-07-08', 0),
(387, 'Regina x1 x abb', 'Lynndebby75@gmail.com', '', '2024-07-08', 0),
(388, 'Wouter x1  xbc', 'Lynndebby75@gmail.com', '', '2024-07-09', 0),
(389, 'Sebasti?n x1 xbc', 'Lynndebby75@gmail.com', '', '2024-07-09', 0),
(390, 'Tony x1 xabb', 'Lynndebby75@gmail.com', '', '2024-07-09', 0),
(391, 'Sean Foster x ph', 'Lynndebby75@gmail.com', '', '2024-07-09', 0),
(392, 'Sebasti?n x1 xrep', 'Lynndebby75@gmail.com', '', '2024-07-10', 0),
(393, 'Wouter x1  xrep', 'Lynndebby75@gmail.com', '', '2024-07-10', 0),
(394, 'Nikayla x1 xabb', 'Lynndebby75@gmail.com', '', '2024-07-11', 0),
(395, 'Regina baggage storage', 'Lynndebby75@gmail.com', '', '2024-07-11', 0),
(396, 'Vimuk', 'Lynndebby75@gmail.com', '', '2024-07-15', 0),
(397, 'Sabah ?1 ?bc', 'Lynndebby75@gmail.com', '', '2024-07-15', 0),
(398, 'Sabine x1 xabb ', 'Lynndebby75@gmail.com', '', '2024-07-15', 0),
(399, 'Mathilde x2 xbc', 'Lynndebby75@gmail.com', '', '2024-07-17', 0),
(400, 'John Blundall x1 xbc', 'Lynndebby75@gmail.com', '', '2024-07-17', 0),
(401, 'Sam Turkmani x1 xbc', 'Lynndebby75@gmail.com', '', '2024-07-18', 0),
(402, 'Annie Spurdle x ph', 'Lynndebby75@gmail.com', '', '2024-07-18', 0),
(403, 'Amelie x2 xabb', 'Lynndebby75@gmail.com', '', '2024-07-18', 0),
(404, 'George', 'Lynndebby75@gmail.com', '', '2024-07-19', 0),
(405, 'Luke Bollon x1 xbc', 'Lynndebby75@gmail.com', '', '2024-07-22', 0),
(406, 'Steven x1 xbc', 'Lynndebby75@gmail.com', '', '2024-07-24', 0),
(407, 'Sabah Turkmani rep x abb', 'Lynndebby75@gmail.com', '', '2024-07-24', 0),
(408, 'Kevin Scott x2 xph', 'Lynndebby75@gmail.com', '', '2024-07-29', 0),
(409, 'Tomas x2 xbc', 'Lynndebby75@gmail.com', '', '2024-07-29', 0);

-- --------------------------------------------------------

--
-- Table structure for table `invoices`
--

CREATE TABLE `invoices` (
  `invoiceid` int(11) NOT NULL,
  `propertyid` int(11) NOT NULL,
  `userid` int(11) NOT NULL,
  `invoice_date` date NOT NULL,
  `due_date` date NOT NULL,
  `amount` decimal(10,2) NOT NULL,
  `status` enum('pending','paid','overdue') NOT NULL
) ENGINE=MyISAM DEFAULT CHARSET=latin1 COLLATE=latin1_swedish_ci;

-- --------------------------------------------------------

--
-- Table structure for table `properties`
--

CREATE TABLE `properties` (
  `propertyid` int(11) NOT NULL,
  `userid` int(11) NOT NULL,
  `propertyname` varchar(255) NOT NULL,
  `number_of_rooms` int(11) NOT NULL,
  `address1` varchar(255) NOT NULL,
  `address2` varchar(255) DEFAULT NULL,
  `city` varchar(100) NOT NULL,
  `password` varchar(150) DEFAULT NULL,
  `pincode` varchar(10) NOT NULL,
  `state` varchar(100) NOT NULL,
  `propertyIpAddress` varchar(200) DEFAULT NULL,
  `propertyUnlockDuration` varchar(10) NOT NULL DEFAULT '15',
  `isactive` tinyint(1) DEFAULT 1,
  `isdeleted` tinyint(1) DEFAULT 0,
  `planid` int(11) DEFAULT NULL,
  `plantype` enum('M','Y') DEFAULT NULL,
  `last_pay_date` date DEFAULT NULL,
  `plan_expiry_date` date DEFAULT NULL,
  `occupancy_cap` tinyint(1) NOT NULL DEFAULT 0 CHECK (`occupancy_cap` in (0,1))
) ENGINE=MyISAM DEFAULT CHARSET=latin1 COLLATE=latin1_swedish_ci;

--
-- Dumping data for table `properties`
--

INSERT INTO `properties` (`propertyid`, `userid`, `propertyname`, `number_of_rooms`, `address1`, `address2`, `city`, `password`, `pincode`, `state`, `propertyIpAddress`, `propertyUnlockDuration`, `isactive`, `isdeleted`, `planid`, `plantype`, `last_pay_date`, `plan_expiry_date`, `occupancy_cap`) VALUES
(35, 35, 'Fraser Suites Abuja', 20, 'Plot 294, Leventis Close, Central Business District, Abuja, Federal Capital Territory 900211', NULL, 'Abuja', NULL, '', '', NULL, '15', 1, 0, 20, 'Y', NULL, '2024-11-09', 0),
(33, 31, 'ee', 3, 'ewr', NULL, 'wr', NULL, '', '', NULL, '15', 1, 0, NULL, NULL, NULL, '2023-11-23', 0),
(34, 31, 'ggfc', 8, 'jhvc', NULL, 'hgffgh', NULL, '', '', NULL, '15', 1, 0, NULL, NULL, NULL, '2023-11-23', 0),
(32, 31, 'sfdsf', 3, 'dsfds', NULL, 'dsffd', NULL, '', '', NULL, '15', 1, 1, NULL, NULL, NULL, '2023-11-23', 0),
(31, 31, 'TechDot', 5, 'New York', NULL, 'New York', NULL, '', '', NULL, '15', 1, 1, 16, 'M', NULL, '2023-12-09', 0),
(30, 31, 'Techdot', 5, 'New York', NULL, 'New York', NULL, '', '', NULL, '15', 1, 1, 18, 'M', NULL, '2023-12-09', 0),
(29, 31, 'New Bee', 5, 'New York', NULL, 'New York', NULL, '', '', NULL, '15', 1, 1, 18, 'M', NULL, '2023-12-09', 0),
(28, 31, 'John', 5, 'New York', NULL, 'New York', NULL, '', '', NULL, '15', 1, 1, 16, 'M', NULL, '2023-12-09', 0),
(27, 29, 'Property', 5, 'Goa', NULL, 'Panjim', NULL, '', '', NULL, '15', 1, 0, 26, 'Y', NULL, '2024-11-13', 0),
(26, 32, 'BProperty', 10, 'Goa', NULL, 'Panjim', NULL, '', '', NULL, '15', 1, 0, 19, 'M', NULL, '2023-12-09', 0),
(25, 29, 'gfdg', 5, 'dfg', NULL, 'fdg', NULL, '', '', NULL, '15', 1, 1, NULL, NULL, NULL, '2023-11-22', 0),
(24, 29, 'rgf', 3, 'fdgd', NULL, 'dfd', NULL, '', '', NULL, '15', 1, 1, NULL, NULL, NULL, '2023-11-22', 0),
(22, 29, 'property', 4, 'nhgfd', NULL, 'gft 56789', NULL, '', '', NULL, '15', 1, 1, NULL, NULL, NULL, '2023-11-21', 0),
(21, 29, 'Real Estate Solutions', 3, 'London', NULL, 'New York', NULL, '', '', NULL, '15', 1, 0, 21, 'M', NULL, '2023-12-12', 0),
(23, 29, 'ere', 6, 'erewre', NULL, 'erwr', NULL, '', '', NULL, '15', 1, 1, NULL, NULL, NULL, '2023-11-21', 0),
(20, 29, 'Skyline Residences', 2, 'London', NULL, 'New York', NULL, '', '', NULL, '15', 1, 0, 25, 'M', NULL, '2023-12-14', 0),
(19, 29, 'Prop Tech', 1, 'London', NULL, 'New York', NULL, '', '', NULL, '15', 1, 0, 14, 'Y', NULL, '2025-01-02', 0),
(36, 38, 'rOOMsHELF', 4, 'gOA', NULL, 'Pednem', NULL, '', '', NULL, '15', 1, 0, 21, 'Y', NULL, '2024-10-13', 0),
(37, 41, '4 Pillars Hotel', 32, 'Mala', NULL, 'Panjim', NULL, '', '', NULL, '15', 1, 0, 22, 'M', NULL, '2024-01-03', 0),
(38, 40, 'Samay Wine Shop', 8, 'Dhavem ', NULL, 'Valpoi', NULL, '', '', 'test', '15', 1, 0, NULL, NULL, NULL, '2023-12-20', 0),
(39, 41, 'Oasis Hotel', 50, 'Block 6', NULL, 'Kuwait', NULL, '', '', NULL, '15', 1, 0, 25, 'M', NULL, '2023-12-14', 0),
(40, 42, 'Pukekura', 10, 'Pukekura park', NULL, 'NP', NULL, '', '', NULL, '15', 1, 0, 26, 'M', NULL, '2023-12-14', 0),
(41, 40, 'fsdfsdf', 2, 'wdesfdd', NULL, 'wasd', NULL, '', '', NULL, '15', 1, 1, 26, 'Y', NULL, '2024-11-14', 0),
(42, 43, 'Sherry Suites', 32, 'Baker Street Apartments, Baker Street, South London', NULL, 'London', NULL, '', '', '192.168.196.89', '10', 1, 0, NULL, NULL, NULL, '2024-03-10', 0),
(43, 43, 'HQ London ', 20, 'Block 7, London Museum Road, West London', NULL, 'London', NULL, '', '', NULL, '15', 1, 0, NULL, NULL, NULL, '2024-03-10', 0),
(44, 43, 'The Grand', 70, '8 Northumberland Avenue, London WC2N 5BY', NULL, 'London', NULL, '', '', NULL, '15', 1, 0, 28, 'M', NULL, '2024-03-26', 0),
(45, 44, 'Ambury', 5, 'Ambury', NULL, 'NP', NULL, '', '', NULL, '15', 1, 0, NULL, NULL, NULL, '2023-12-01', 0),
(46, 45, 'Fab', 3, 'panji', NULL, 'goa', NULL, '', '', NULL, '15', 1, 0, NULL, NULL, NULL, '2023-12-20', 0),
(47, 45, 'wdw', 1, 'wewq', NULL, 'qewq', NULL, '', '', NULL, '15', 1, 1, NULL, NULL, NULL, '2023-12-06', 0),
(48, 45, 'aaaaa', 3, 'aaaaaaa', NULL, 'asas', NULL, '', '', NULL, '15', 1, 1, NULL, NULL, NULL, '2023-12-07', 0),
(49, 45, 'fd', 54, 'dgd', NULL, 'hg', NULL, '', '', NULL, '15', 1, 1, NULL, NULL, NULL, '2023-12-07', 0),
(50, 44, 'Kura Lodge', 15, 'Papakura', NULL, 'NP', NULL, '', '', NULL, '15', 1, 0, NULL, NULL, NULL, '2023-12-07', 0),
(51, 44, 'NP', 7, 'noigre', NULL, 'NP', NULL, '', '', NULL, '15', 1, 0, NULL, NULL, NULL, '2023-12-08', 0),
(52, 46, 'JISO', 6, 'Goa', NULL, 'Panjim', NULL, '', '', 'propIp123', '25', 0, 0, NULL, NULL, NULL, '2023-12-13', 0),
(53, 46, 'ftghfh', 3, 'dhdfh', NULL, 'fthfgh', NULL, '', '', NULL, '15', 1, 1, NULL, NULL, NULL, '2023-12-13', 0),
(54, 44, 'Ken', 4, 'NP', NULL, 'NP', NULL, '', '', NULL, '15', 1, 0, NULL, NULL, NULL, '2023-12-13', 0),
(55, 47, 'Town', 4, 'NP', NULL, 'NP', NULL, '', '', NULL, '15', 1, 1, NULL, NULL, NULL, '2023-12-14', 0),
(56, 47, 'Malc', 1, 'NP', NULL, 'NP', NULL, '', '', NULL, '15', 1, 1, NULL, NULL, NULL, '2024-01-18', 0),
(57, 46, 'Aarya', 3, 'Goa', NULL, 'goa', NULL, '', '', '192.168.2.2', '5', 1, 0, NULL, NULL, NULL, '2023-12-22', 0),
(58, 48, 'test', 3, 'test', NULL, 'test', NULL, '', '', NULL, '15', 1, 0, NULL, NULL, NULL, '2024-01-03', 0),
(59, 49, 'Sorbet Resort', 20, 'Illunois, Lousianna', NULL, 'New Yorl', NULL, '', '', NULL, '15', 1, 0, NULL, NULL, NULL, '2024-02-16', 0),
(60, 47, 'Seaside', 5, '34 Beach street', NULL, 'New', NULL, '', '', '172.20.10.0', '2', 1, 0, NULL, NULL, NULL, '2024-03-14', 0),
(61, 46, 'Jason', 5, 'Goa', 'panjim', 'Goa', NULL, '', '', '192.168.1.1', '10', 1, 0, NULL, NULL, NULL, '2024-02-15', 0),
(62, 54, 'Preno', 4, 'Bicholim', NULL, 'Bicholim', NULL, '', '', '192.322.1.8', '5', 1, 0, NULL, NULL, NULL, '2024-02-22', 0),
(63, 53, 'Quirky Villa', 8, '9 Gonville Avenue', NULL, 'Whanganui', NULL, '', '', '192.168.178.240', '5', 1, 0, NULL, NULL, NULL, '2024-08-26', 0),
(64, 47, 'Quirky Villa 2', 1, 'Gonville', NULL, 'Wng', NULL, '', '', '192.168.178.240', '5', 1, 1, NULL, NULL, NULL, '2024-03-05', 0),
(65, 55, 'Zeno', 4, 'Panjim', NULL, 'panjim', NULL, '', '', '192.193.8.9', '12', 1, 0, NULL, NULL, NULL, '2024-03-06', 0),
(66, 56, 'Mini Stays', 12, '1, Near New Delhi Railway Station, Central Delhi, Delhi', NULL, 'Central Delhi', NULL, '', '', NULL, '15', 1, 0, NULL, NULL, NULL, '2024-03-12', 0),
(67, 57, 'Gera', 20, 'Panjim Goa', NULL, 'TISWADI', NULL, '', '', NULL, '10', 1, 0, NULL, NULL, NULL, '2024-03-18', 0),
(68, 57, 'GALLAXY', 5, 'MAPUSA', NULL, 'BARDEZ', NULL, '', '', '234.456.678.', '11', 1, 0, NULL, NULL, NULL, '2024-03-18', 0),
(69, 47, 'Riverside', 5, '31 River street', NULL, 'NP', NULL, '', '', '172.20.10.0', '2', 1, 1, NULL, NULL, NULL, '2024-05-29', 0),
(70, 59, 'fdfdf', 3, 'sdfsetrgr', NULL, 'sdfsgtfh', NULL, '', '', NULL, '15', 1, 0, NULL, NULL, NULL, '2024-06-05', 0),
(71, 46, 'test prop2', 2, 'address prop2', NULL, 'city prop2', NULL, '', '', NULL, '15', 1, 0, NULL, NULL, NULL, '2024-07-14', 0);

-- --------------------------------------------------------

--
-- Table structure for table `rooms`
--

CREATE TABLE `rooms` (
  `roomid` int(11) NOT NULL,
  `propertyid` int(11) NOT NULL,
  `room_name` varchar(255) NOT NULL,
  `ip_address` varchar(50) DEFAULT NULL,
  `password` varchar(150) DEFAULT NULL,
  `isdeleted` tinyint(1) DEFAULT 0,
  `unlock_duration` int(11) NOT NULL DEFAULT 15
) ENGINE=MyISAM DEFAULT CHARSET=latin1 COLLATE=latin1_swedish_ci;

--
-- Dumping data for table `rooms`
--

INSERT INTO `rooms` (`roomid`, `propertyid`, `room_name`, `ip_address`, `password`, `isdeleted`, `unlock_duration`) VALUES
(267, 37, '101', '123.665.511.96', NULL, 0, 15),
(266, 37, '102', '00.00.00.001', NULL, 0, 15),
(265, 37, '103', '12.12.12.12', NULL, 0, 15),
(264, 37, '104', '121.001.007.2', NULL, 0, 15),
(263, 37, '105', '14.110.320.0', NULL, 0, 15),
(262, 37, '201', '0.1.1.0', NULL, 0, 15),
(261, 37, '202', '22.12.14.00', NULL, 0, 15),
(260, 37, '203', '33.21.311.20', NULL, 0, 15),
(259, 37, '204', NULL, NULL, 0, 15),
(258, 36, '1', NULL, NULL, 0, 15),
(257, 36, '2', NULL, NULL, 0, 15),
(256, 36, '2', NULL, NULL, 0, 15),
(255, 36, '4', NULL, NULL, 0, 15),
(224, 35, '', NULL, NULL, 0, 15),
(223, 35, '', NULL, NULL, 0, 15),
(222, 35, '', NULL, NULL, 0, 15),
(220, 35, '', NULL, NULL, 0, 15),
(219, 35, '', NULL, NULL, 0, 15),
(218, 35, '', NULL, NULL, 0, 15),
(217, 35, '', NULL, NULL, 0, 15),
(216, 35, '', NULL, NULL, 0, 15),
(215, 35, '', NULL, NULL, 0, 15),
(214, 35, '', NULL, NULL, 0, 15),
(213, 35, '', NULL, NULL, 0, 15),
(221, 35, '', NULL, NULL, 0, 15),
(212, 35, '', NULL, NULL, 0, 15),
(211, 35, '', NULL, NULL, 0, 15),
(210, 35, '', NULL, NULL, 0, 15),
(209, 35, '', NULL, NULL, 0, 15),
(208, 35, '', NULL, NULL, 0, 15),
(207, 35, '', NULL, NULL, 0, 15),
(206, 35, '', NULL, NULL, 0, 15),
(205, 35, '', NULL, NULL, 0, 15),
(204, 34, '', NULL, NULL, 0, 15),
(203, 34, '', NULL, NULL, 0, 15),
(202, 34, '', NULL, NULL, 0, 15),
(201, 34, '', NULL, NULL, 0, 15),
(200, 34, '', NULL, NULL, 0, 15),
(199, 34, '', NULL, NULL, 0, 15),
(198, 34, '', NULL, NULL, 0, 15),
(197, 34, '', NULL, NULL, 0, 15),
(196, 33, '2', NULL, NULL, 0, 15),
(195, 33, '34', NULL, NULL, 0, 15),
(194, 33, '34', NULL, NULL, 0, 15),
(193, 32, '', NULL, NULL, 0, 15),
(192, 32, '', NULL, NULL, 0, 15),
(191, 32, '', NULL, NULL, 0, 15),
(190, 31, '1', NULL, NULL, 0, 15),
(189, 31, '2', NULL, NULL, 0, 15),
(188, 31, '3', NULL, NULL, 0, 15),
(187, 31, '4', NULL, NULL, 0, 15),
(186, 31, '5', NULL, NULL, 0, 15),
(185, 30, '1', NULL, NULL, 0, 15),
(184, 30, '2', NULL, NULL, 0, 15),
(183, 30, '3', NULL, NULL, 0, 15),
(182, 30, '', NULL, NULL, 0, 15),
(181, 30, '', NULL, NULL, 0, 15),
(180, 29, '1', NULL, NULL, 0, 15),
(179, 29, '2', NULL, NULL, 0, 15),
(178, 29, '3', NULL, NULL, 0, 15),
(177, 29, '4', NULL, NULL, 0, 15),
(176, 29, '', NULL, NULL, 0, 15),
(175, 28, '', NULL, NULL, 0, 15),
(174, 28, '', NULL, NULL, 0, 15),
(173, 28, '', NULL, NULL, 0, 15),
(172, 28, '', NULL, NULL, 0, 15),
(171, 28, '', NULL, NULL, 0, 15),
(170, 27, '1', NULL, NULL, 0, 15),
(169, 27, '2', NULL, NULL, 0, 15),
(168, 27, '2', NULL, NULL, 0, 15),
(167, 27, '4', NULL, NULL, 0, 15),
(166, 27, '', NULL, NULL, 0, 15),
(165, 26, '1', NULL, NULL, 0, 15),
(164, 26, '2', NULL, NULL, 0, 15),
(163, 26, '3', NULL, NULL, 0, 15),
(162, 26, '', NULL, NULL, 0, 15),
(161, 26, '', NULL, NULL, 0, 15),
(160, 26, '', NULL, NULL, 0, 15),
(159, 26, '', NULL, NULL, 0, 15),
(158, 26, '', NULL, NULL, 0, 15),
(157, 26, '', NULL, NULL, 0, 15),
(156, 26, '', NULL, NULL, 0, 15),
(155, 25, '', NULL, NULL, 0, 15),
(154, 25, '', NULL, NULL, 0, 15),
(153, 25, '', NULL, NULL, 0, 15),
(152, 25, '', NULL, NULL, 0, 15),
(151, 25, '', NULL, NULL, 0, 15),
(143, 23, '12', 'wew', NULL, 0, 15),
(144, 23, '23', 'wewq', NULL, 0, 15),
(145, 23, '23', 'weqw', NULL, 0, 15),
(146, 23, 'qeqe', '123', NULL, 0, 15),
(147, 23, '', NULL, NULL, 0, 15),
(148, 24, '', NULL, NULL, 0, 15),
(149, 24, '', NULL, NULL, 0, 15),
(150, 24, '', NULL, NULL, 0, 15),
(142, 23, '', NULL, NULL, 0, 15),
(141, 22, '', NULL, NULL, 0, 15),
(140, 22, '', NULL, NULL, 0, 15),
(139, 22, '', NULL, NULL, 0, 15),
(138, 22, '', NULL, NULL, 0, 15),
(137, 21, '101', 'c3740e0c-7d4f-11ee-b962-0242ac120002', NULL, 0, 15),
(136, 21, '102', 'ce8484f2-7d4f-11ee-b962-0242ac120002', NULL, 0, 15),
(135, 21, '103', 'd686ad38-7d4f-11ee-b962-0242ac120002', NULL, 0, 15),
(134, 20, '201', '222220000111', NULL, 0, 15),
(133, 20, '202', '2222200002222', NULL, 0, 15),
(132, 19, '', NULL, NULL, 0, 15),
(268, 37, '205', NULL, NULL, 0, 15),
(269, 37, '301', NULL, NULL, 0, 15),
(270, 37, '302', NULL, NULL, 0, 15),
(271, 37, '303', NULL, NULL, 0, 15),
(272, 37, '304', NULL, NULL, 0, 15),
(273, 37, '305', NULL, NULL, 0, 15),
(274, 37, '306', NULL, NULL, 0, 15),
(275, 37, '307', NULL, NULL, 0, 15),
(276, 37, '308', NULL, NULL, 0, 15),
(277, 37, '309', NULL, NULL, 0, 15),
(278, 37, '310', NULL, NULL, 0, 15),
(279, 37, '401', NULL, NULL, 0, 15),
(280, 37, '402', NULL, NULL, 0, 15),
(281, 37, '403', NULL, NULL, 0, 15),
(282, 37, '404', NULL, NULL, 0, 15),
(283, 37, '405', NULL, NULL, 0, 15),
(284, 37, '501', NULL, NULL, 0, 15),
(285, 37, '502', NULL, NULL, 0, 15),
(286, 37, '503', NULL, NULL, 0, 15),
(287, 37, '504', NULL, NULL, 0, 15),
(288, 37, '505', NULL, NULL, 0, 15),
(289, 37, '110', NULL, NULL, 0, 15),
(290, 37, '120', NULL, NULL, 0, 15),
(291, 38, '1', NULL, NULL, 0, 15),
(292, 38, '2', NULL, NULL, 0, 15),
(293, 38, '3', NULL, NULL, 0, 15),
(294, 38, '4', NULL, NULL, 0, 15),
(295, 39, '', NULL, NULL, 0, 15),
(296, 39, '', NULL, NULL, 0, 15),
(297, 39, '', NULL, NULL, 0, 15),
(298, 39, '', NULL, NULL, 0, 15),
(299, 39, '', NULL, NULL, 0, 15),
(300, 39, '', NULL, NULL, 0, 15),
(301, 39, '', NULL, NULL, 0, 15),
(302, 39, '', NULL, NULL, 0, 15),
(303, 39, '', NULL, NULL, 0, 15),
(304, 39, '', NULL, NULL, 0, 15),
(305, 39, '', NULL, NULL, 0, 15),
(306, 39, '', NULL, NULL, 0, 15),
(307, 39, '', NULL, NULL, 0, 15),
(308, 39, '', NULL, NULL, 0, 15),
(309, 39, '', NULL, NULL, 0, 15),
(310, 39, '', NULL, NULL, 0, 15),
(311, 39, '', NULL, NULL, 0, 15),
(312, 39, '', NULL, NULL, 0, 15),
(313, 39, '', NULL, NULL, 0, 15),
(314, 39, '', NULL, NULL, 0, 15),
(315, 39, '', NULL, NULL, 0, 15),
(316, 39, '', NULL, NULL, 0, 15),
(317, 39, '', NULL, NULL, 0, 15),
(318, 39, '', NULL, NULL, 0, 15),
(319, 39, '', NULL, NULL, 0, 15),
(320, 39, '', NULL, NULL, 0, 15),
(321, 39, '', NULL, NULL, 0, 15),
(322, 39, '', NULL, NULL, 0, 15),
(323, 39, '', NULL, NULL, 0, 15),
(324, 39, '', NULL, NULL, 0, 15),
(325, 39, '', NULL, NULL, 0, 15),
(326, 39, '', NULL, NULL, 0, 15),
(327, 39, '', NULL, NULL, 0, 15),
(328, 39, '', NULL, NULL, 0, 15),
(329, 39, '', NULL, NULL, 0, 15),
(330, 39, '', NULL, NULL, 0, 15),
(331, 39, '', NULL, NULL, 0, 15),
(332, 39, '', NULL, NULL, 0, 15),
(333, 39, '', NULL, NULL, 0, 15),
(334, 39, '', NULL, NULL, 0, 15),
(335, 39, '', NULL, NULL, 0, 15),
(336, 39, '', NULL, NULL, 0, 15),
(337, 39, '', NULL, NULL, 0, 15),
(338, 39, '', NULL, NULL, 0, 15),
(339, 39, '', NULL, NULL, 0, 15),
(340, 39, '', NULL, NULL, 0, 15),
(341, 39, '', NULL, NULL, 0, 15),
(342, 39, '', NULL, NULL, 0, 15),
(343, 39, '', NULL, NULL, 0, 15),
(344, 39, '', NULL, NULL, 0, 15),
(345, 40, '1', '1.1.10.5', NULL, 0, 15),
(346, 40, '', NULL, NULL, 0, 15),
(347, 40, '', NULL, NULL, 0, 15),
(348, 40, '', NULL, NULL, 0, 15),
(349, 40, '', NULL, NULL, 0, 15),
(350, 40, '', NULL, NULL, 0, 15),
(351, 40, '', NULL, NULL, 0, 15),
(352, 40, '', NULL, NULL, 0, 15),
(353, 40, '', NULL, NULL, 0, 15),
(354, 40, '', NULL, NULL, 0, 15),
(355, 41, 'sdsdsd', NULL, NULL, 0, 15),
(356, 41, 'sdfsd', NULL, NULL, 0, 15),
(357, 42, '101', '12.254.33.200', NULL, 0, 15),
(358, 42, '102', '36.256.12.0', NULL, 0, 15),
(359, 42, '103', '36.140.23.147', NULL, 0, 15),
(360, 42, '104', '13.245.246.231', NULL, 0, 15),
(361, 42, '105', '184.113.20.63', NULL, 0, 15),
(362, 42, '201', '63.232.114.84', NULL, 0, 15),
(363, 42, '202', '137.88.127.7', NULL, 0, 15),
(364, 42, '203', '155.231.186.99', NULL, 0, 15),
(365, 42, '204', '20.119.161.36', NULL, 0, 15),
(366, 42, '205', '56.68.112.54', NULL, 0, 15),
(367, 42, '301', '112.198.102.77', NULL, 0, 15),
(368, 42, '302', '80.182.53.118', NULL, 0, 15),
(369, 42, '303', '182.226.223.133', NULL, 0, 15),
(370, 42, '304', '108.40.153.175', NULL, 0, 15),
(371, 42, '305', '31.50.50.43', NULL, 0, 15),
(372, 42, '401', '186.22.199.78', NULL, 0, 15),
(373, 42, '402', '114.181.13.6', NULL, 0, 15),
(374, 42, '403', '245.156.186.113', NULL, 0, 15),
(375, 42, '404', '192.168.178.245', NULL, 0, 15),
(376, 42, '405', '244.105.250.4', NULL, 0, 15),
(377, 42, '501', '174.227.177.229', NULL, 0, 15),
(378, 42, '502', '93.53.230.168', NULL, 0, 15),
(379, 42, '503', '255.240.22.30', NULL, 0, 15),
(380, 42, '504', '94.32.218.209', NULL, 0, 15),
(381, 42, '505', '80.215.176.31', NULL, 0, 15),
(382, 42, '601', '98.183.106.223', NULL, 0, 15),
(383, 42, '602', '169.70.151.87', NULL, 0, 15),
(384, 42, '603', '59.129.133.87', NULL, 0, 15),
(385, 42, '604', '254.78.46.192', NULL, 0, 15),
(386, 42, '605', '193.36.13.51', NULL, 0, 15),
(387, 42, '701', '111.95.48.82', NULL, 0, 15),
(388, 42, '702', '103.226.112.109', NULL, 0, 15),
(389, 43, '', NULL, NULL, 0, 15),
(390, 43, '', NULL, NULL, 0, 15),
(391, 43, '', NULL, NULL, 0, 15),
(392, 43, '', NULL, NULL, 0, 15),
(393, 43, '', NULL, NULL, 0, 15),
(394, 43, '', NULL, NULL, 0, 15),
(395, 43, '', NULL, NULL, 0, 15),
(396, 43, '', NULL, NULL, 0, 15),
(397, 43, '', NULL, NULL, 0, 15),
(398, 43, '', NULL, NULL, 0, 15),
(399, 43, '', NULL, NULL, 0, 15),
(400, 43, '', NULL, NULL, 0, 15),
(401, 43, '', NULL, NULL, 0, 15),
(402, 43, '', NULL, NULL, 0, 15),
(403, 43, '', NULL, NULL, 0, 15),
(404, 43, '', NULL, NULL, 0, 15),
(405, 43, '', NULL, NULL, 0, 15),
(406, 43, '', NULL, NULL, 0, 15),
(407, 43, '', NULL, NULL, 0, 15),
(408, 43, '', NULL, NULL, 0, 15),
(409, 44, 'Standard Room - 101', NULL, NULL, 0, 15),
(410, 44, 'Standard Room - 102', NULL, NULL, 0, 15),
(411, 44, 'Standard Room - 103', NULL, NULL, 0, 15),
(412, 44, 'Standard Room - 104', NULL, NULL, 0, 15),
(413, 44, 'Standard Room - 105', NULL, NULL, 0, 15),
(414, 44, 'Standard Room - 106', NULL, NULL, 0, 15),
(415, 44, 'Standard Room - 107', NULL, NULL, 0, 15),
(416, 44, 'Standard Room - 108', NULL, NULL, 0, 15),
(417, 44, 'Standard Room - 109', NULL, NULL, 0, 15),
(418, 44, 'Standard Room - 110', NULL, NULL, 0, 15),
(419, 44, 'Family Room - 201', NULL, NULL, 0, 15),
(420, 44, 'Family Room - 202', NULL, NULL, 0, 15),
(421, 44, 'Family Room - 203', NULL, NULL, 0, 15),
(422, 44, 'Family Room - 204', NULL, NULL, 0, 15),
(423, 44, 'Family Room - 205', NULL, NULL, 0, 15),
(424, 44, 'Family Room - 206', NULL, NULL, 0, 15),
(425, 44, 'Family Room - 207', NULL, NULL, 0, 15),
(426, 44, 'Family Room - 208', NULL, NULL, 0, 15),
(427, 44, 'Family Room - 209', NULL, NULL, 0, 15),
(428, 44, 'Family Room - 210', NULL, NULL, 0, 15),
(429, 44, 'Garden Suites - 111', NULL, NULL, 0, 15),
(430, 44, 'Garden Suites - 112', NULL, NULL, 0, 15),
(431, 44, 'Garden Suites - 113', NULL, NULL, 0, 15),
(432, 44, 'Garden Suites - 114', NULL, NULL, 0, 15),
(433, 44, 'Garden Suites - 115', NULL, NULL, 0, 15),
(434, 44, 'River View Suites- 301', NULL, NULL, 0, 15),
(435, 44, 'River View Suites- 302', NULL, NULL, 0, 15),
(436, 44, 'River View Suites- 303', NULL, NULL, 0, 15),
(437, 44, 'River View Suites- 304', NULL, NULL, 0, 15),
(438, 44, 'River View Suites- 305', NULL, NULL, 0, 15),
(439, 44, 'River View Suites- 306', NULL, NULL, 0, 15),
(440, 44, 'River View Suites- 307', NULL, NULL, 0, 15),
(441, 44, 'River View Suites- 308', NULL, NULL, 0, 15),
(442, 44, 'River View Suites- 309', NULL, NULL, 0, 15),
(443, 44, 'River View Suites- 310', NULL, NULL, 0, 15),
(444, 44, 'Deluxe Room - 501', NULL, NULL, 0, 15),
(445, 44, 'Deluxe Room - 502', NULL, NULL, 0, 15),
(446, 44, 'Deluxe Room - 503', NULL, NULL, 0, 15),
(447, 44, 'Deluxe Room - 504', NULL, NULL, 0, 15),
(448, 44, 'Deluxe Room - 505', NULL, NULL, 0, 15),
(449, 44, 'Deluxe Room - 506', NULL, NULL, 0, 15),
(450, 44, 'Deluxe Room - 507', NULL, NULL, 0, 15),
(451, 44, 'Deluxe Room - 508', NULL, NULL, 0, 15),
(452, 44, 'Deluxe Room - 509', NULL, NULL, 0, 15),
(453, 44, 'Deluxe Room - 510', NULL, NULL, 0, 15),
(454, 44, 'Grand Room - 601', NULL, NULL, 0, 15),
(455, 44, 'Grand Room - 602', NULL, NULL, 0, 15),
(456, 44, 'Grand Room - 603', NULL, NULL, 0, 15),
(457, 44, 'Grand Room - 604', NULL, NULL, 0, 15),
(458, 44, 'Grand Room - 605', NULL, NULL, 0, 15),
(459, 44, 'Grand Room - 606', NULL, NULL, 0, 15),
(460, 44, 'Grand Room - 607', NULL, NULL, 0, 15),
(461, 44, 'Grand Room - 608', NULL, NULL, 0, 15),
(462, 44, 'Grand Room - 609', NULL, NULL, 0, 15),
(463, 44, 'Grand Room - 610', NULL, NULL, 0, 15),
(464, 44, 'Grand Suite - 701', NULL, NULL, 0, 15),
(465, 44, 'Grand Suite - 702', NULL, NULL, 0, 15),
(466, 44, 'Grand Suite - 703', NULL, NULL, 0, 15),
(467, 44, 'Grand Suite - 704', NULL, NULL, 0, 15),
(468, 44, 'Grand Suite - 705', NULL, NULL, 0, 15),
(469, 44, 'Grand Suite - 706', NULL, NULL, 0, 15),
(470, 44, 'Grand Suite - 707', NULL, NULL, 0, 15),
(471, 44, 'Grand Suite - 708', NULL, NULL, 0, 15),
(472, 44, 'Grand Suite - 709', NULL, NULL, 0, 15),
(473, 44, 'Grand Suite - 710', NULL, NULL, 0, 15),
(474, 44, 'Premium Suite - 801', NULL, NULL, 0, 15),
(475, 44, 'Premium Suite - 802', NULL, NULL, 0, 15),
(476, 44, 'Premium Suite - 803', NULL, NULL, 0, 15),
(477, 44, 'Premium Suite - 804', NULL, NULL, 0, 15),
(478, 44, 'Premium Suite - 805', NULL, NULL, 0, 15),
(479, 45, '1', '192.168.1.80', NULL, 0, 5),
(480, 45, '2', '10.10.10.2', NULL, 0, 15),
(481, 45, '', NULL, NULL, 0, 15),
(482, 45, '', NULL, NULL, 0, 15),
(483, 45, '', NULL, NULL, 0, 15),
(484, 46, '1', '192.158.1.38', NULL, 0, 15),
(485, 46, '2', NULL, NULL, 0, 15),
(486, 46, '3', NULL, NULL, 0, 15),
(487, 47, '', NULL, NULL, 0, 15),
(488, 48, '', NULL, NULL, 0, 15),
(489, 48, '', NULL, NULL, 0, 15),
(490, 48, '', NULL, NULL, 0, 15),
(492, 49, '', NULL, NULL, 0, 15),
(493, 49, '', NULL, NULL, 0, 15),
(494, 49, '', NULL, NULL, 0, 15),
(495, 49, '', NULL, NULL, 0, 15),
(496, 49, '', NULL, NULL, 0, 15),
(497, 49, '', NULL, NULL, 0, 15),
(498, 49, '', NULL, NULL, 0, 15),
(499, 49, '', NULL, NULL, 0, 15),
(500, 49, '', NULL, NULL, 0, 15),
(501, 49, '', NULL, NULL, 0, 15),
(502, 49, '', NULL, NULL, 0, 15),
(503, 49, '', NULL, NULL, 0, 15),
(504, 49, '', NULL, NULL, 0, 15),
(505, 49, '', NULL, NULL, 0, 15),
(506, 49, '', NULL, NULL, 0, 15),
(507, 49, '', NULL, NULL, 0, 15),
(508, 49, '', NULL, NULL, 0, 15),
(509, 49, '', NULL, NULL, 0, 15),
(510, 49, '', NULL, NULL, 0, 15),
(511, 49, '', NULL, NULL, 0, 15),
(512, 49, '', NULL, NULL, 0, 15),
(513, 49, '', NULL, NULL, 0, 15),
(514, 49, '', NULL, NULL, 0, 15),
(515, 49, '', NULL, NULL, 0, 15),
(516, 49, '', NULL, NULL, 0, 15),
(517, 49, '', NULL, NULL, 0, 15),
(518, 49, '', NULL, NULL, 0, 15),
(519, 49, '', NULL, NULL, 0, 15),
(520, 49, '', NULL, NULL, 0, 15),
(521, 49, '', NULL, NULL, 0, 15),
(522, 49, '', NULL, NULL, 0, 15),
(523, 49, '', NULL, NULL, 0, 15),
(524, 49, '', NULL, NULL, 0, 15),
(525, 49, '', NULL, NULL, 0, 15),
(526, 49, '', NULL, NULL, 0, 15),
(527, 49, '', NULL, NULL, 0, 15),
(528, 49, '', NULL, NULL, 0, 15),
(529, 49, '', NULL, NULL, 0, 15),
(530, 49, '', NULL, NULL, 0, 15),
(531, 49, '', NULL, NULL, 0, 15),
(532, 49, '', NULL, NULL, 0, 15),
(533, 49, '', NULL, NULL, 0, 15),
(534, 49, '', NULL, NULL, 0, 15),
(535, 49, '', NULL, NULL, 0, 15),
(536, 49, '', NULL, NULL, 0, 15),
(537, 49, '', NULL, NULL, 0, 15),
(538, 49, '', NULL, NULL, 0, 15),
(539, 49, '', NULL, NULL, 0, 15),
(540, 49, '', NULL, NULL, 0, 15),
(541, 49, '', NULL, NULL, 0, 15),
(542, 49, '', NULL, NULL, 0, 15),
(543, 49, '', NULL, NULL, 0, 15),
(544, 49, '', NULL, NULL, 0, 15),
(545, 49, '', NULL, NULL, 0, 15),
(546, 50, '1', NULL, NULL, 0, 15),
(547, 50, '2', NULL, NULL, 0, 15),
(548, 50, '', NULL, NULL, 0, 15),
(549, 50, '', NULL, NULL, 0, 15),
(550, 50, '', NULL, NULL, 0, 15),
(551, 50, '', NULL, NULL, 0, 15),
(552, 50, '', NULL, NULL, 0, 15),
(553, 50, '', NULL, NULL, 0, 15),
(554, 50, '', NULL, NULL, 0, 15),
(555, 50, '', NULL, NULL, 0, 15),
(556, 50, '', NULL, NULL, 0, 15),
(557, 50, '', NULL, NULL, 0, 15),
(558, 50, '', NULL, NULL, 0, 15),
(559, 50, '', NULL, NULL, 0, 15),
(560, 50, '', NULL, NULL, 0, 15),
(561, 51, '1', '172.20.10.2', NULL, 0, 2),
(562, 51, '2', NULL, NULL, 0, 15),
(563, 51, '3', NULL, NULL, 0, 15),
(564, 51, '', NULL, NULL, 0, 15),
(565, 51, '', NULL, NULL, 0, 15),
(566, 51, '', NULL, NULL, 0, 15),
(567, 51, '', NULL, NULL, 0, 15),
(568, 52, '1', '192.168.1.9', NULL, 0, 15),
(569, 52, '2', '192.168.1.1', NULL, 0, 15),
(570, 52, '3', '192.168.1.9', NULL, 0, 15),
(571, 53, 'e3', NULL, NULL, 0, 15),
(572, 53, '34', NULL, NULL, 0, 15),
(573, 53, '342', NULL, NULL, 0, 15),
(574, 54, '', NULL, NULL, 0, 15),
(575, 54, '', NULL, NULL, 0, 15),
(576, 54, '', NULL, NULL, 0, 15),
(577, 54, '', NULL, NULL, 0, 15),
(578, 55, '1', '', NULL, 0, 2),
(579, 55, '2', '', NULL, 0, 5),
(580, 55, '3', '172.20.10.2', NULL, 0, 2),
(581, 55, '4', NULL, NULL, 0, 15),
(582, 56, '', NULL, NULL, 0, 15),
(583, 56, '', NULL, NULL, 0, 15),
(584, 56, '', NULL, NULL, 0, 15),
(585, 56, '', NULL, NULL, 0, 15),
(586, 56, '', NULL, NULL, 0, 15),
(587, 56, '', NULL, NULL, 0, 15),
(588, 56, '', NULL, NULL, 0, 15),
(589, 56, '', NULL, NULL, 0, 15),
(590, 57, '1', '192.168.1.9', NULL, 0, 5),
(591, 57, '2', '192.168.1.1', NULL, 0, 15),
(592, 57, '3', '192.168.1.3', NULL, 0, 15),
(770, 69, '1', '172.20.10.5', NULL, 0, 4),
(771, 69, '2', '192.168.1.151', NULL, 0, 15),
(709, 65, 'Room1', NULL, NULL, 0, 15),
(708, 65, 'Room2', NULL, NULL, 0, 15),
(707, 65, 'Room3', NULL, NULL, 0, 15),
(598, 38, '5', NULL, NULL, 0, 15),
(599, 38, '6', NULL, NULL, 0, 15),
(600, 38, '7', NULL, NULL, 0, 15),
(601, 38, '', NULL, NULL, 0, 15),
(634, 58, '1', NULL, NULL, 0, 15),
(635, 58, '2', NULL, NULL, 0, 15),
(636, 58, '3', NULL, NULL, 0, 15),
(637, 58, '', NULL, NULL, 0, 15),
(638, 58, '', NULL, NULL, 0, 15),
(639, 58, '', NULL, NULL, 0, 15),
(640, 58, '', NULL, NULL, 0, 15),
(641, 58, '', NULL, NULL, 0, 15),
(642, 59, '', NULL, NULL, 0, 15),
(643, 59, '', NULL, NULL, 0, 15),
(644, 59, '', NULL, NULL, 0, 15),
(645, 59, '', NULL, NULL, 0, 15),
(646, 59, '', NULL, NULL, 0, 15),
(647, 59, '', NULL, NULL, 0, 15),
(648, 59, '', NULL, NULL, 0, 15),
(649, 59, '', NULL, NULL, 0, 15),
(650, 59, '', NULL, NULL, 0, 15),
(651, 59, '', NULL, NULL, 0, 15),
(652, 59, '', NULL, NULL, 0, 15),
(653, 59, '', NULL, NULL, 0, 15),
(654, 59, '', NULL, NULL, 0, 15),
(655, 59, '', NULL, NULL, 0, 15),
(656, 59, '', NULL, NULL, 0, 15),
(657, 59, '', NULL, NULL, 0, 15),
(658, 59, '', NULL, NULL, 0, 15),
(659, 59, '', NULL, NULL, 0, 15),
(660, 59, '', NULL, NULL, 0, 15),
(661, 59, '', NULL, NULL, 0, 15),
(662, 52, '4', '192.168.1.9', NULL, 0, 15),
(663, 52, '5', '192.168.1.9', NULL, 0, 15),
(664, 60, '1-1', '172.20.10.5', NULL, 0, 5),
(665, 60, '1-2', '172.20.10.5', NULL, 0, 5),
(716, 66, '1', NULL, NULL, 0, 15),
(717, 66, '2', NULL, NULL, 0, 15),
(718, 66, '3', NULL, NULL, 0, 15),
(765, 60, '1-3', NULL, NULL, 0, 15),
(672, 61, '201', '192.168.2.2', NULL, 0, 10),
(673, 61, '202', '192.168.2.2', NULL, 0, 15),
(674, 61, '203', '192.168.2.2', NULL, 0, 15),
(680, 61, '204', '192.168.2.2', NULL, 0, 15),
(681, 61, '205', '192.168.2.2', NULL, 0, 10),
(682, 62, '1', 'iproom', NULL, 0, 15),
(683, 62, '2', 'iproom', NULL, 0, 15),
(684, 62, '3', 'iproom', NULL, 0, 15),
(685, 62, '4', 'iproom', NULL, 0, 15),
(686, 62, '', NULL, NULL, 0, 15),
(687, 62, '', NULL, NULL, 0, 15),
(688, 62, '', NULL, NULL, 0, 15),
(689, 62, '', NULL, NULL, 0, 15),
(690, 63, 'Master', '192.168.178.241', NULL, 0, 60),
(691, 63, 'Front - First room on right', '192.168.178.242', NULL, 0, 60),
(692, 63, 'Lilac - Second room on right', '192.168.178.243', NULL, 0, 60),
(693, 63, 'Blue - Third room on right', '192.168.178.244', NULL, 0, 60),
(694, 63, 'Mustard - Fourth room on right', '192.168.178.245', NULL, 0, 60),
(706, 65, 'Room4', NULL, NULL, 0, 15),
(698, 64, 'Front', '192.168.178.242', NULL, 0, 15),
(699, 64, '', NULL, NULL, 0, 15),
(700, 64, '', NULL, NULL, 0, 15),
(701, 64, '', NULL, NULL, 0, 15),
(702, 64, '', NULL, NULL, 0, 15),
(703, 64, '', NULL, NULL, 0, 15),
(704, 64, '', NULL, NULL, 0, 15),
(705, 64, '', NULL, NULL, 0, 15),
(710, 65, '', NULL, NULL, 0, 15),
(711, 65, '', NULL, NULL, 0, 15),
(712, 65, '', NULL, NULL, 0, 15),
(713, 65, '', NULL, NULL, 0, 15),
(719, 66, '4', NULL, NULL, 0, 15),
(714, 60, '1-4', '', NULL, 0, 5),
(720, 66, '5', NULL, NULL, 0, 15),
(721, 66, '6', NULL, NULL, 0, 15),
(722, 66, '7', NULL, NULL, 0, 15),
(723, 66, '8', NULL, NULL, 0, 15),
(724, 66, '9', NULL, NULL, 0, 15),
(725, 66, '10', NULL, NULL, 0, 15),
(726, 66, '11', NULL, NULL, 0, 15),
(727, 66, '12', NULL, NULL, 0, 15),
(728, 66, '13', NULL, NULL, 0, 15),
(729, 66, '14', NULL, NULL, 0, 15),
(730, 66, '15', NULL, NULL, 0, 15),
(731, 66, '16', NULL, NULL, 0, 15),
(732, 66, '17', NULL, NULL, 0, 15),
(733, 66, '18', NULL, NULL, 0, 15),
(734, 66, '19', NULL, NULL, 0, 15),
(735, 66, '20', NULL, NULL, 0, 15),
(736, 63, 'Toilet room - Room next to dining room', '', NULL, 0, 60),
(737, 67, '1', '', NULL, 0, 15),
(738, 67, '2', '345.5544.788', NULL, 0, 15),
(739, 67, '3', '3464.789.6778', NULL, 0, 15),
(740, 67, '4', '457.67878.67789', NULL, 0, 15),
(741, 67, '5', '6678.89965.6789.890', NULL, 0, 15),
(742, 67, '6', '567.789.789', NULL, 0, 15),
(743, 67, '7', '3456.567.76854', NULL, 0, 15),
(744, 67, '8', NULL, NULL, 0, 15),
(745, 67, '9', NULL, NULL, 0, 15),
(746, 67, '10', NULL, NULL, 0, 15),
(747, 67, '11', NULL, NULL, 0, 15),
(748, 67, '12', NULL, NULL, 0, 15),
(749, 67, '13', NULL, NULL, 0, 15),
(750, 67, '14', NULL, NULL, 0, 15),
(751, 67, '15', NULL, NULL, 0, 15),
(752, 67, '16', NULL, NULL, 0, 15),
(753, 67, '17', NULL, NULL, 0, 15),
(754, 67, '18', NULL, NULL, 0, 15),
(755, 67, '19', NULL, NULL, 0, 15),
(756, 67, '20', NULL, NULL, 0, 15),
(757, 68, '1', '333.88', NULL, 0, 15),
(758, 68, '2', '45', NULL, 0, 15),
(759, 68, '3', '334', NULL, 0, 15),
(760, 68, '4', '345', NULL, 0, 15),
(761, 68, '5', '456', NULL, 0, 15),
(766, 60, '1-5', '192.168.1.152', NULL, 0, 5),
(767, 52, '6', '192.168.1.9', NULL, 0, 15),
(768, 63, 'Contractor\'s pass', NULL, NULL, 0, 15),
(769, 63, 'Test room', NULL, NULL, 0, 15),
(772, 69, '', NULL, NULL, 0, 15),
(773, 69, '', NULL, NULL, 0, 15),
(774, 69, '', NULL, NULL, 0, 15),
(778, 70, '3', NULL, NULL, 0, 15),
(779, 70, '4', NULL, NULL, 0, 15),
(780, 70, '2', NULL, NULL, 0, 15),
(781, 70, '1', NULL, NULL, 0, 15),
(782, 70, '3', NULL, NULL, 0, 15),
(783, 70, '', NULL, NULL, 0, 15),
(784, 70, '', NULL, NULL, 0, 15),
(785, 70, '', NULL, NULL, 0, 15),
(786, 71, 'room1', '123.456.567', NULL, 0, 15),
(787, 71, 'room2', '456.789.345', NULL, 0, 10);

-- --------------------------------------------------------

--
-- Table structure for table `subscription_plans`
--

CREATE TABLE `subscription_plans` (
  `planid` int(11) NOT NULL,
  `from_rooms_number` int(11) NOT NULL,
  `to_rooms_number` int(11) NOT NULL,
  `monthly_charge` decimal(10,2) NOT NULL,
  `yearly_charge` decimal(10,2) NOT NULL,
  `isdeleted` tinyint(1) DEFAULT 0
) ENGINE=MyISAM DEFAULT CHARSET=latin1 COLLATE=latin1_swedish_ci;

--
-- Dumping data for table `subscription_plans`
--

INSERT INTO `subscription_plans` (`planid`, `from_rooms_number`, `to_rooms_number`, `monthly_charge`, `yearly_charge`, `isdeleted`) VALUES
(26, 1, 8, 20.00, 80.00, 1),
(25, 41, 50, 599.00, 699.00, 1),
(24, 71, 80, 442.00, 399.00, 1),
(23, 9, 20, 70.00, 299.00, 1),
(22, 31, 40, 299.00, 499.00, 1),
(21, 21, 30, 40.00, 560.00, 1),
(20, 9, 20, 70.00, 840.00, 1),
(19, 61, 70, 45.00, 456.00, 1),
(18, 49, 60, 60.00, 720.00, 1),
(17, 38, 49, 67.00, 8.98, 1),
(16, 39, 50, 60.00, 720.00, 1),
(15, 19, 40, 40.00, 480.00, 1),
(14, 1, 20, 30.00, 360.00, 1),
(27, 6, 8, 45.00, 90.00, 1),
(28, 51, 100, 1000.00, 900.00, 1),
(29, 1, 4, 1.00, 1.00, 0),
(30, 5, 9, 132.95, 1292.30, 0),
(31, 10, 19, 251.91, 2690.40, 0),
(32, 20, 29, 447.84, 4782.93, 0),
(33, 30, 39, 587.79, 6277.60, 1),
(34, 30, 40, 222.00, 666.00, 1);

-- --------------------------------------------------------

--
-- Table structure for table `transactions`
--

CREATE TABLE `transactions` (
  `transactionid` int(11) NOT NULL,
  `transaction_datetime` datetime NOT NULL,
  `userid` int(11) NOT NULL,
  `propertyid` int(11) NOT NULL,
  `planid` int(11) NOT NULL,
  `amount` decimal(10,2) NOT NULL,
  `paytype` varchar(50) NOT NULL,
  `payment_reference` varchar(255) DEFAULT NULL
) ENGINE=MyISAM DEFAULT CHARSET=latin1 COLLATE=latin1_swedish_ci;

--
-- Dumping data for table `transactions`
--

INSERT INTO `transactions` (`transactionid`, `transaction_datetime`, `userid`, `propertyid`, `planid`, `amount`, `paytype`, `payment_reference`) VALUES
(8, '2023-11-13 16:37:37', 38, 36, 21, 560.00, 'online', NULL),
(7, '2023-11-12 13:01:35', 29, 21, 21, 40.00, 'online', NULL),
(6, '2023-11-12 12:52:34', 29, 20, 21, 40.00, 'online', NULL),
(5, '2023-11-10 16:46:34', 35, 35, 20, 840.00, 'online', NULL),
(9, '2023-11-14 09:57:55', 29, 27, 23, 70.00, 'online', NULL),
(10, '2023-11-14 10:41:25', 41, 37, 26, 20.00, 'online', NULL),
(11, '2023-11-14 10:41:42', 41, 37, 22, 299.00, 'online', NULL),
(12, '2023-11-14 10:56:20', 29, 20, 25, 599.00, 'online', NULL),
(13, '2023-11-14 12:37:43', 29, 27, 26, 80.00, 'online', NULL),
(14, '2023-11-14 13:09:08', 41, 39, 25, 599.00, 'online', NULL),
(15, '2023-11-14 14:46:41', 42, 40, 26, 20.00, 'online', NULL),
(16, '2023-11-15 11:52:15', 40, 38, 26, 20.00, 'online', NULL),
(17, '2023-11-15 12:46:09', 40, 41, 26, 80.00, 'online', NULL),
(18, '2023-11-17 17:28:42', 43, 44, 28, 1000.00, 'online', NULL),
(19, '2023-12-04 01:15:02', 47, 56, 29, 1.00, 'pm_1OJEZYLQhCIOwz7Kx5AlrKP5', 'sub_1OJEZbLQhCIOwz7K2XGmXleP');

-- --------------------------------------------------------

--
-- Table structure for table `users`
--

CREATE TABLE `users` (
  `userid` int(11) NOT NULL,
  `fullname` varchar(255) NOT NULL,
  `businessname` varchar(255) DEFAULT NULL,
  `usertype` enum('A','V','N') NOT NULL,
  `password` varchar(255) NOT NULL,
  `datecreated` date NOT NULL,
  `email` varchar(255) NOT NULL,
  `mobile` varchar(15) NOT NULL,
  `token` varchar(200) DEFAULT NULL,
  `isactive` tinyint(1) DEFAULT 1,
  `isdeleted` tinyint(1) DEFAULT 0,
  `default_checkin_time` time NOT NULL DEFAULT '12:00:00',
  `default_checkout_time` time NOT NULL DEFAULT '12:00:00'
) ENGINE=MyISAM DEFAULT CHARSET=latin1 COLLATE=latin1_swedish_ci;

--
-- Dumping data for table `users`
--

INSERT INTO `users` (`userid`, `fullname`, `businessname`, `usertype`, `password`, `datecreated`, `email`, `mobile`, `token`, `isactive`, `isdeleted`, `default_checkin_time`, `default_checkout_time`) VALUES
(1, 'admin', 'Prop Tech', 'A', '17f49b532551dff465779cfb7f9d3a676eba769f4cec9894563ca7a04fa01c47', '2023-10-16', 'admin@seguro.co.nz', '+64 27 3245 901', '7777d3cc4f5a4a3fb953ae5a51484bf09772', 1, 0, '12:00:00', '12:00:00'),
(43, 'James Moriarty', 'Sherlock Homes', 'V', '7813d54582ab9722cba420cc7b20a58e65d86e9446359ac23eef76f150c07eb9', '2023-11-17', 'trueadversary@holmes.com', '774571752', 'e4404a7cc399cb0d9df5f67ab051d742e2f8', 1, 1, '11:00:00', '13:30:00'),
(42, 'Malc', 'Yahoo', 'V', '314ffd6162923d94123a7010c7c67be278592e5922ac5e3e404d65aa01608293', '2023-11-14', 'coolmalc_26@yahoo.com', '12345', '6b5a30cd5d9c4ddbfe0ec1f7e1bda95a1c89', 1, 1, '12:00:00', '12:00:00'),
(41, 'Yu Ijin', 'Chaebol Stays', 'V', '8d969eef6ecad3c29a3a629280e686cf0c3f5d5a86aff3ca12020c923adc6c92', '2023-11-14', 'yiwax74918@jucatyo.com', '9322264452', 'fb7545d9a1360927673a5e9a68fb8e378a80', 1, 1, '12:00:00', '12:00:00'),
(40, 'Keith', 'Keith Homes', 'V', '8d969eef6ecad3c29a3a629280e686cf0c3f5d5a86aff3ca12020c923adc6c92', '2023-11-13', 'anuradha123@codanto.in', '94056651099', '7fdd9cd66ebb310fcd219b7103247580569c', 1, 1, '11:20:00', '00:20:00'),
(39, 'sfsdf', 'sdgxdgdg', 'V', '8d969eef6ecad3c29a3a629280e686cf0c3f5d5a86aff3ca12020c923adc6c92', '2023-11-13', 'gayola5068@weizixu.com', '3546576868', '563c60dff787e73c82c8eec90ea7dc1f374d', 1, 1, '12:00:00', '12:00:00'),
(38, 'Pinky', 'NVendor', 'V', '8d969eef6ecad3c29a3a629280e686cf0c3f5d5a86aff3ca12020c923adc6c92', '2023-11-13', 'anurad1ha@codanto.in', '9405951099', '98ffc34f8348e10de28a9fa7efe79f0a8724', 1, 1, '12:00:00', '12:00:00'),
(37, 'temp', 'temp', 'V', '03ac674216f3e15c761ee1a5e255f067953623c8b388b4459e13f978d7c846f4', '2023-11-13', 'aditya8hiranwale@gmail.com', '8765467654', 'ff56f66f0c96f006910d16c7a06ec3bfc0c0', 1, 1, '12:00:00', '12:00:00'),
(36, 'Jack', 'MultiTech', 'V', '8d969eef6ecad3c29a3a629280e686cf0c3f5d5a86aff3ca12020c923adc6c92', '2023-11-12', 'anuradha+test@codanto.in', '9605951099', 'cd4cbf35059c208c45826383835022166cf4', 1, 1, '12:00:00', '12:00:00'),
(33, 'gd', 'fg', 'V', '8d969eef6ecad3c29a3a629280e686cf0c3f5d5a86aff3ca12020c923adc6c92', '2023-11-09', 'anurada@coderunner.tech', '4345678776543', '5d153121b88cfbd8729c242d5598a14cea28', 1, 1, '12:00:00', '12:00:00'),
(35, 'William Doe', 'Fraser Suites', 'V', '41ebaa2dfbead08f6b92a948e9ab14dfc66638f74b5b612de1004b2d1c00e249', '2023-11-10', 'william.doe@gmail.com', '1234', '2c96bcbb3af67524e915089a22415ee55960', 1, 1, '12:00:00', '12:00:00'),
(34, 'Rakesh', 'Rakesh Home Stays', 'V', '03ac674216f3e15c761ee1a5e255f067953623c8b388b4459e13f978d7c846f4', '2023-11-09', 'rakesh.mehta@gmail.com', '7896541230', 'bf4e62fef6c35f0ebc6c3da1fe0c6ce3949a', 1, 1, '12:00:00', '12:00:00'),
(32, 'Allan', 'Business', 'V', '8d969eef6ecad3c29a3a629280e686cf0c3f5d5a86aff3ca12020c923adc6c92', '2023-11-09', 'manager@codanto.com', '9922561920', 'd654cfce1e55efbfd8ace777f37c55ecab31', 1, 1, '12:00:00', '12:00:00'),
(30, 'dwadad', 'awada', 'V', '8d969eef6ecad3c29a3a629280e686cf0c3f5d5a86aff3ca12020c923adc6c92', '2023-11-07', 'wiribi2707@sopulit.com', '24324', 'e334be6cc9ee118704acc24a5b5b141f9822', 1, 1, '12:00:00', '12:00:00'),
(31, 'Manasi', 'Metro Tech', 'V', '8d969eef6ecad3c29a3a629280e686cf0c3f5d5a86aff3ca12020c923adc6c92', '2023-11-08', 'anuradhfga@coderunner.tech', '8654345678', '7ebdb32311b85fa3f01df1a40a92870511f9', 1, 1, '12:00:00', '12:00:00'),
(29, 'Anuradha', 'Purva', 'V', '8d969eef6ecad3c29a3a629280e686cf0c3f5d5a86aff3ca12020c923adc6c92', '2023-11-07', 'anurad54ha@codanto.in', '9405951096', 'c481c0ccd0f7e2afe1ec5d47cddd74fccd7c', 1, 1, '12:00:00', '12:00:00'),
(28, 'Hanna Baker', 'Omega', 'V', '8d969eef6ecad3c29a3a629280e686cf0c3f5d5a86aff3ca12020c923adc6c92', '2023-11-07', 'Hanna.Baker@gmail.com', '123456789', 'a708477f3915470218221600a6256551a947', 1, 1, '12:00:00', '12:00:00'),
(44, 'Malc', 'Sef', 'V', '314ffd6162923d94123a7010c7c67be278592e5922ac5e3e404d65aa01608293', '2023-11-17', 'coolmalc_26@yahoo.com', '1234', '9e86046ba25ce65566b1c0557f245dc2d533', 1, 1, '14:00:00', '10:00:00'),
(45, 'Ram', 'Metro Tech', 'V', '8d969eef6ecad3c29a3a629280e686cf0c3f5d5a86aff3ca12020c923adc6c92', '2023-11-22', 'anuradha@coderunner.tech', '9407851099', '10c4265b47dcd474c88aaeced494cb7cb662', 1, 1, '12:09:00', '12:09:00'),
(46, 'Anuradha Joshi', 'JISO', 'V', '8d969eef6ecad3c29a3a629280e686cf0c3f5d5a86aff3ca12020c923adc6c92', '2023-11-29', 'anuradha@coderunner.tech', '9405951099', '83eb8d9921ecd626fc159e2e6b77e00a5b2f', 1, 0, '01:00:00', '01:00:00'),
(47, 'Malc', 'Malc', 'V', '1ea2f89d934cb4a2af0b486736609cf9cb4bdafdc6e946e79aecb02b9d9dceb4', '2023-11-30', 'coolmalc_26@yahoo.com', '1234', 'ad05dc3e4d4bcf2714e79ad9bb07c3127a8d', 1, 0, '11:00:00', '10:00:00'),
(48, 'Nelson', 'Art of Living', 'V', '8d969eef6ecad3c29a3a629280e686cf0c3f5d5a86aff3ca12020c923adc6c92', '2023-12-20', 'anuradha1@codanto.in', '1234565432', '83eb8d9921ecd626fc159e2e6b77e00a5b2f', 1, 1, '12:00:00', '12:00:00'),
(49, 'Rufus Sebastian', 'Sorbet Resort', 'V', '57d7da465a9edb3c366af6da968d0fa866dd168c34cc07c4cb11710ae9289ebe', '2023-12-23', 'allansony107@gmail.com', '1223334444', '2e7a6b0a3036ed8bebd423f9c38b4cae603d9bf1401c6457fef2ab5c8da1', 1, 1, '12:00:00', '12:00:00'),
(50, 'aj', 'dd', 'V', '8d969eef6ecad3c29a3a629280e686cf0c3f5d5a86aff3ca12020c923adc6c92', '2024-01-02', 'anuradha@codanto.in', '2435464333', '5aff66f582a40d8b7d23bf23afd98f12f35b', 1, 1, '12:00:00', '12:00:00'),
(51, 'Test 1', 'Test 2', 'V', '2eed57bcf2faf258b25e2327c4303c39dcd50ac8b7649c730038cec00c0e4263', '2024-01-26', 'gomesmalcolm@hotmail.com', '123', '11862ae3080288a55e13ffbd49100ce3caa1', 1, 1, '12:00:00', '12:00:00'),
(52, 'Test2', 'Test1', 'V', '254fa728bf87510e5a1556af11efa10d8fc9fcb7c62c6443a5a25a2f0b3bf6e5', '2024-01-30', 'gomesmalcolm@hotmail.com', '3456', '49cf6001e38a990f3a12b342982a81f242f1', 1, 1, '12:00:00', '12:00:00'),
(53, 'Debby Lynn', 'Quirky Villa', 'V', '5eec6c417618db382842d940268a5c942036a417b5e089b02b9d55ce536826d1', '2024-01-31', 'lynndebby75@gmail.com', '64274223999', 'fe8e067924d46b9f09a694972496c6df7a2bd9d6b59fa3f27e23f234fe61', 1, 0, '14:00:00', '10:00:00'),
(54, 'Rakshanda chari', 'Raks', 'V', '8d969eef6ecad3c29a3a629280e686cf0c3f5d5a86aff3ca12020c923adc6c92', '2024-02-01', 'rakshandagaonkar11@gmail.com', '9055588832', 'f845cfa129fe7c5e5cda0aa768969038624d', 1, 1, '17:00:00', '12:00:00'),
(55, 'Aditya', 'BIrla group', 'V', '8d969eef6ecad3c29a3a629280e686cf0c3f5d5a86aff3ca12020c923adc6c92', '2024-02-21', 'anuradha@codanto.in', '90123456', NULL, 1, 1, '12:00:00', '12:00:00'),
(56, 'Test User', 'Mini Stay', 'V', 'ecd71870d1963316a97e3ac3408c9835ad8cf0f3c1bc703527c30265534f75ae', '2024-02-27', 'segurotest@gmail.com', '90807060', NULL, 1, 1, '12:00:00', '12:00:00'),
(57, 'Rakshanda Gaonkar', 'Gera', 'V', '8d969eef6ecad3c29a3a629280e686cf0c3f5d5a86aff3ca12020c923adc6c92', '2024-03-04', 'rakshandagaonkar11@gmail.com', '8390932260', NULL, 1, 1, '12:00:00', '12:00:00'),
(58, 'Test', 'sss', 'V', '8d969eef6ecad3c29a3a629280e686cf0c3f5d5a86aff3ca12020c923adc6c92', '2024-03-13', 'test99@gmail.com', '9699411585', NULL, 1, 1, '12:00:00', '12:00:00'),
(59, 'Apurva', 'Metro Tech', 'V', '8d969eef6ecad3c29a3a629280e686cf0c3f5d5a86aff3ca12020c923adc6c92', '2024-05-22', 'veyip42120@neixos.com', '9876545678', NULL, 1, 0, '12:00:00', '12:00:00');

--
-- Indexes for dumped tables
--

--
-- Indexes for table `address`
--
ALTER TABLE `address`
  ADD PRIMARY KEY (`userid`);

--
-- Indexes for table `codes`
--
ALTER TABLE `codes`
  ADD PRIMARY KEY (`codeid`),
  ADD KEY `roomid` (`roomid`),
  ADD KEY `customerid` (`customerid`);

--
-- Indexes for table `codescanlogs`
--
ALTER TABLE `codescanlogs`
  ADD PRIMARY KEY (`id`);

--
-- Indexes for table `customers`
--
ALTER TABLE `customers`
  ADD PRIMARY KEY (`customerid`);

--
-- Indexes for table `invoices`
--
ALTER TABLE `invoices`
  ADD PRIMARY KEY (`invoiceid`),
  ADD KEY `propertyid` (`propertyid`),
  ADD KEY `userid` (`userid`);

--
-- Indexes for table `properties`
--
ALTER TABLE `properties`
  ADD PRIMARY KEY (`propertyid`),
  ADD KEY `userid` (`userid`),
  ADD KEY `planid` (`planid`);

--
-- Indexes for table `rooms`
--
ALTER TABLE `rooms`
  ADD PRIMARY KEY (`roomid`),
  ADD KEY `propertyid` (`propertyid`);

--
-- Indexes for table `subscription_plans`
--
ALTER TABLE `subscription_plans`
  ADD PRIMARY KEY (`planid`);

--
-- Indexes for table `transactions`
--
ALTER TABLE `transactions`
  ADD PRIMARY KEY (`transactionid`),
  ADD KEY `userid` (`userid`),
  ADD KEY `propertyid` (`propertyid`),
  ADD KEY `planid` (`planid`);

--
-- Indexes for table `users`
--
ALTER TABLE `users`
  ADD PRIMARY KEY (`userid`);

--
-- AUTO_INCREMENT for dumped tables
--

--
-- AUTO_INCREMENT for table `codes`
--
ALTER TABLE `codes`
  MODIFY `codeid` int(11) NOT NULL AUTO_INCREMENT, AUTO_INCREMENT=663;

--
-- AUTO_INCREMENT for table `codescanlogs`
--
ALTER TABLE `codescanlogs`
  MODIFY `id` int(11) NOT NULL AUTO_INCREMENT, AUTO_INCREMENT=1725;

--
-- AUTO_INCREMENT for table `customers`
--
ALTER TABLE `customers`
  MODIFY `customerid` int(11) NOT NULL AUTO_INCREMENT, AUTO_INCREMENT=410;

--
-- AUTO_INCREMENT for table `properties`
--
ALTER TABLE `properties`
  MODIFY `propertyid` int(11) NOT NULL AUTO_INCREMENT, AUTO_INCREMENT=72;

--
-- AUTO_INCREMENT for table `rooms`
--
ALTER TABLE `rooms`
  MODIFY `roomid` int(11) NOT NULL AUTO_INCREMENT, AUTO_INCREMENT=794;

--
-- AUTO_INCREMENT for table `subscription_plans`
--
ALTER TABLE `subscription_plans`
  MODIFY `planid` int(11) NOT NULL AUTO_INCREMENT, AUTO_INCREMENT=35;

--
-- AUTO_INCREMENT for table `transactions`
--
ALTER TABLE `transactions`
  MODIFY `transactionid` int(11) NOT NULL AUTO_INCREMENT, AUTO_INCREMENT=20;

--
-- AUTO_INCREMENT for table `users`
--
ALTER TABLE `users`
  MODIFY `userid` int(11) NOT NULL AUTO_INCREMENT, AUTO_INCREMENT=60;
COMMIT;

/*!40101 SET CHARACTER_SET_CLIENT=@OLD_CHARACTER_SET_CLIENT */;
/*!40101 SET CHARACTER_SET_RESULTS=@OLD_CHARACTER_SET_RESULTS */;
/*!40101 SET COLLATION_CONNECTION=@OLD_COLLATION_CONNECTION */;
